"variable","label","tipo","niveles","n_categorias","n_missings","perc_missings","minimo","maximo","media","mediana","sd","iqr","primera_fecha","ultima_fecha"
"a10","A10 ID encuesta","character",,,0,0,,,,,,,,
"a2","A2 Código del encuestador","character",,,0,0,,,,,,,,
"a9","A9 número de encuesta","numeric",,,0,0,1,81,30.9830028328612,29,19.2163148321968,30,,
"a00","A00 Fecha","numeric",,,1,0.28328611898017,1042024,29042024,11668103.5426136,11032024,5561575.59377854,7990000,,
"a1","A1 Hora de inicio de la entrevista","character",,,0,0,,,,,,,,
"a04","A04 Hora de finalización de la entrevista","labelled",,,353,100,,,,,,,,
"a3","A3 Código del supervisor","character",,,0,0,,,,,,,,
"a6","A6 ¿La persona entrevistada conoce sobre la producción de arroz y toma decisiones?","factor","(1) Sí, (2) No",2,1,0.28328611898017,,,,,,,,
"a7","A7 ¿La persona entrevistada corresponde a??","factor","(1) Productor(a) (dueño del cultivo de arroz), (2) Administrador(a) o empleado(a) (maneja el cultivo de arroz de un productor), (3) Miembro de la familia del productor(a), (4) Gerente o director (Empresa), (5) Administrador(a) o técnico (a) (Empresa), (6) Otro, especifique",6,0,0,,,,,,,,
"a7a","A7 Otra persona entrevistada","character",,,0,0,,,,,,,,
"a7_1","A7.1 Género","factor","(1) Hombre, (2) Mujer, (3) Prefiere no contestar",3,0,0,,,,,,,,
"a7_2","A7.2 Edad en años cumplidos","numeric",,,0,0,20,84,55.3824362606232,57,13.4700183809873,16,,
"a7_3","A7.3 Años de educación formal completados (# Años)","numeric",,,310,87.8186968838527,3,20,13.7441860465116,16,4.56223119628676,7,,
"a7_4","A7.4 Nombre del productor (dueño del cultivo). Si es empresa, indique la razón","character",,,0,0,,,,,,,,
"a7_5","A7.5 Este productor esta en el listado (LECRA)","factor","(1) Sí, (2) No",2,1,0.28328611898017,,,,,,,,
"a7_6","A7.6 Esta encuesta es realizada a una empresa o a una persona natural","factor","(1) Persona natural, (2) Empresa",2,1,0.28328611898017,,,,,,,,
"a8","A8 ¿Me podría dar un número de teléfono donde los podamos contactar?","factor","(1) Sí, (2) No, (3) No tiene, (4) NS/NR",4,1,0.28328611898017,,,,,,,,
"a8_1","A8.1 Número Celular","numeric",,,3,0.84985835694051,1111111111,9999999999,3180825387.35429,3144860076.5,415716359.609977,79646935.75,,
"a10_1","A10.1 Departamento","factor","(1) Tolima",1,0,0,,,,,,,,
"a10_2","A10.2 Municipio","factor","(1) ALPUJARRA, (2) ALVARADO, (3) AMBALEMA, (4) ANZOÁTEGUI, (5) ARMERO, (6) ATACO, (7) CAJAMARCA, (8) CARMEN DE APICALÁ, (9) CASABIANCA, (10) CHAPARRAL, (11) COELLO, (12) COYAIMA, (13) CUNDAY, (14) DOLORES, (15) ESPINAL, (16) FALAN, (17) FLANDES, (18) FRESNO, (19) GUAMO, (20) HERVEO, (21) HONDA, (22) IBAGUÉ, (23) ICONONZO, (24) LÉRIDA, (25) LÍBANO, (26) MELGAR, (27) MURILLO, (28) NATAGAIMA, (29) ORTEGA, (30) PALOCABILDO, (31) PIEDRAS, (32) PLANADAS, (33) PRADO, (34) PURIFICACIÓN, (35) RIOBLANCO, (36) RONCESVALLES, (37) ROVIRA, (38) SALDAÑA, (39) SAN ANTONIO, (40) SAN LUIS, (41) SAN SEBASTIÁN DE MARIQUITA, (42) SANTA ISABEL, (43) SUÁREZ, (44) VALLE DE SAN JUAN, (45) VENADILLO, (46) VILLAHERMOSA, (47) VILLARRICA",47,1,0.28328611898017,,,,,,,,
"a10_2a","A10.2 Otro municipio","character",,,0,0,,,,,,,,
"a10_3","A10.3 Vereda","numeric",,,0,0,99,73861029,68015788.0113314,73408008,19207183.2909511,316999,,
"a10_3a","A10.3 Otra vereda","character",,,0,0,,,,,,,,
"consentimiento","Consentimiento","factor","(1) Sí, autorizo, (2) No, no autorizo",2,1,0.28328611898017,,,,,,,,
"dx_1","Dx_0 En total, ¿Cuánta es el área que usó para sus actividades agrícolas durante 2023 (en el departamento en que se realiza esta encuesta)? ","numeric",,,0,0,0.2,1390,24.8567988668555,5,103.012908288712,10,,
"dx_2","Dx_0 En total, ¿Cuantos lotes usó para sus actividades agrícolas durante 2023 (considere todos los lotes propios, alquilados, prestados)? ","numeric",,,0,0,1,18,1.6600566572238,1,1.65763282656019,1,,
"ax_1","Ax Seleccione de la lista el lote principal con que hará la caracterización del","numeric",,,0,0,1,5,1.13881019830028,1,0.544075269178873,0,,
"ax_2","Ax Nombre lote principal","character",,,0,0,,,,,,,,
"id_d1_1","ID LOTE","numeric",,,0,0,1,1,1,1,0,0,,
"id_d1_2","ID LOTE","numeric",,,256,72.5212464589235,2,2,2,2,0,0,,
"id_d1_3","ID LOTE","numeric",,,304,86.1189801699717,3,3,3,3,0,0,,
"id_d1_4","ID LOTE","numeric",,,321,90.9348441926346,4,4,4,4,0,0,,
"id_d1_5","ID LOTE","numeric",,,330,93.4844192634561,5,5,5,5,0,0,,
"d1_1_1","D1.1 Indique un nombre de referencia para este lote","character",,,0,0,,,,,,,,
"d1_1_2","D1.1 Indique un nombre de referencia para este lote","character",,,256,72.5212464589235,,,,,,,,
"d1_1_3","D1.1 Indique un nombre de referencia para este lote","character",,,304,86.1189801699717,,,,,,,,
"d1_1_4","D1.1 Indique un nombre de referencia para este lote","character",,,321,90.9348441926346,,,,,,,,
"d1_1_5","D1.1 Indique un nombre de referencia para este lote","character",,,330,93.4844192634561,,,,,,,,
"d1_3a_1","D1.3 ¿Este lote [nombre] se encuentra dentro una finca/predio?,","factor","(1) Sí, (2) No",2,0,0,,,,,,,,
"d1_3a_2","D1.3 ¿Este lote [nombre] se encuentra dentro una finca/predio?,","factor","(1) Sí, (2) No",2,256,72.5212464589235,,,,,,,,
"d1_3a_3","D1.3 ¿Este lote [nombre] se encuentra dentro una finca/predio?,","factor","(1) Sí, (2) No",2,304,86.1189801699717,,,,,,,,
"d1_3a_4","D1.3 ¿Este lote [nombre] se encuentra dentro una finca/predio?,","factor","(1) Sí, (2) No",2,321,90.9348441926346,,,,,,,,
"d1_3a_5","D1.3 ¿Este lote [nombre] se encuentra dentro una finca/predio?,","factor","(1) Sí, (2) No",2,330,93.4844192634561,,,,,,,,
"d1_3_1","D1.3  Por favor indique el nombre","character",,,223,63.1728045325779,,,,,,,,
"d1_3_2","D1.3  Por favor indique el nombre","character",,,315,89.2351274787535,,,,,,,,
"d1_3_3","D1.3  Por favor indique el nombre","character",,,326,92.3512747875354,,,,,,,,
"d1_3_4","D1.3  Por favor indique el nombre","character",,,330,93.4844192634561,,,,,,,,
"d1_3_5","D1.3  Por favor indique el nombre","character",,,335,94.9008498583569,,,,,,,,
"d1_4_1","D1.4 ¿Hay vivienda(s) u otra infraestructura en el lote [nombre D1_1]?","factor","(1) Sí, (2) No",2,0,0,,,,,,,,
"d1_4_2","D1.4 ¿Hay vivienda(s) u otra infraestructura en el lote [nombre D1_1]?","factor","(1) Sí, (2) No",2,256,72.5212464589235,,,,,,,,
"d1_4_3","D1.4 ¿Hay vivienda(s) u otra infraestructura en el lote [nombre D1_1]?","factor","(1) Sí, (2) No",2,304,86.1189801699717,,,,,,,,
"d1_4_4","D1.4 ¿Hay vivienda(s) u otra infraestructura en el lote [nombre D1_1]?","factor","(1) Sí, (2) No",2,321,90.9348441926346,,,,,,,,
"d1_4_5","D1.4 ¿Hay vivienda(s) u otra infraestructura en el lote [nombre D1_1]?","factor","(1) Sí, (2) No",2,330,93.4844192634561,,,,,,,,
"d2_1","D2 Área total del lote en hectáreas","numeric",,,0,0,0.2,80,6.91668555240793,4,9.43149442000534,6.5,,
"d2_2","D2 Área total del lote en hectáreas","numeric",,,256,72.5212464589235,0.5,30,6.79690721649485,5,6.00578199890613,6.8,,
"d2_3","D2 Área total del lote en hectáreas","numeric",,,304,86.1189801699717,0.25,23.5,7.6265306122449,6,5.55814063297416,6,,
"d2_4","D2 Área total del lote en hectáreas","numeric",,,321,90.9348441926346,0.25,40,9.45,7.85,8.23314505030458,6.5625,,
"d2_5","D2 Área total del lote en hectáreas","numeric",,,330,93.4844192634561,3,28.1,11.004347826087,11,6.45758738095031,7,,
"d3_1","D3 ¿Cuál es la tenencia del lote [nombre D1_1]?","factor","(1) Propio (escritura), (2) Propio (sin escritura), (3) Arriendo, (4) Otro, especifique",4,0,0,,,,,,,,
"d3_2","D3 ¿Cuál es la tenencia del lote [nombre D1_1]?","factor","(1) Propio (escritura), (2) Propio (sin escritura), (3) Arriendo, (4) Otro, especifique",4,256,72.5212464589235,,,,,,,,
"d3_3","D3 ¿Cuál es la tenencia del lote [nombre D1_1]?","factor","(1) Propio (escritura), (2) Propio (sin escritura), (3) Arriendo, (4) Otro, especifique",4,304,86.1189801699717,,,,,,,,
"d3_4","D3 ¿Cuál es la tenencia del lote [nombre D1_1]?","factor","(1) Propio (escritura), (2) Propio (sin escritura), (3) Arriendo, (4) Otro, especifique",4,321,90.9348441926346,,,,,,,,
"d3_5","D3 ¿Cuál es la tenencia del lote [nombre D1_1]?","factor","(1) Propio (escritura), (2) Propio (sin escritura), (3) Arriendo, (4) Otro, especifique",4,330,93.4844192634561,,,,,,,,
"d3a_1","D3 Otra tenencia","character",,,326,92.3512747875354,,,,,,,,
"d3a_2","D3 Otra tenencia","character",,,348,98.5835694050991,,,,,,,,
"d3a_3","D3 Otra tenencia","character",,,351,99.4334277620397,,,,,,,,
"d3a_4","D3 Otra tenencia","character",,,353,100,,,,,,,,
"d3a_5","D3 Otra tenencia","character",,,352,99.7167138810198,,,,,,,,
"d4_1_1","D4.1 ¿Por cuántos meses alquiló el lote? (# de meses)","numeric",,,175,49.5750708215297,1,120,9.65168539325843,6,9.68089868779176,6,,
"d4_1_2","D4.1 ¿Por cuántos meses alquiló el lote? (# de meses)","numeric",,,301,85.2691218130312,1,120,11.6346153846154,8,16.5553484588597,6,,
"d4_1_3","D4.1 ¿Por cuántos meses alquiló el lote? (# de meses)","numeric",,,328,92.9178470254957,6,12,9.36,12,3.03973683071413,6,,
"d4_1_4","D4.1 ¿Por cuántos meses alquiló el lote? (# de meses)","numeric",,,340,96.3172804532578,6,12,8.76923076923077,6,3.11324712997662,6,,
"d4_1_5","D4.1 ¿Por cuántos meses alquiló el lote? (# de meses)","numeric",,,345,97.7337110481586,6,12,9.75,12,3.10529501704059,6,,
"d4_2_1","D4.2 ¿Costo mensual del alquiler?","numeric",,,179,50.7082152974504,100000,10000000,1333011.26575868,591500,1887134.1591822,1047500,,
"d4_2_2","D4.2 ¿Costo mensual del alquiler?","numeric",,,304,86.1189801699717,150000,6995000,1220710.79846939,600000,1477295.68765223,1100000,,
"d4_2_3","D4.2 ¿Costo mensual del alquiler?","numeric",,,330,93.4844192634561,125000,5872000,1825712.21618357,871093.75,1956427.86658713,2822311.11111111,,
"d4_2_4","D4.2 ¿Costo mensual del alquiler?","numeric",,,342,96.8838526912181,125000,6700000,1803636.36363636,615000,2062757.97284739,2275000,,
"d4_2_5","D4.2 ¿Costo mensual del alquiler?","numeric",,,347,98.300283286119,250000,7222200,2045366.66666667,1050000,2626843.12562944,1350000,,
"d6_1","D6 En el último año (2023), ¿Qué tenía en el lote [nombre D1_1]?","character",,,0,0,,,,,,,,
"d6_2","D6 En el último año (2023), ¿Qué tenía en el lote [nombre D1_1]?","character",,,256,72.5212464589235,,,,,,,,
"d6_3","D6 En el último año (2023), ¿Qué tenía en el lote [nombre D1_1]?","character",,,304,86.1189801699717,,,,,,,,
"d6_4","D6 En el último año (2023), ¿Qué tenía en el lote [nombre D1_1]?","character",,,321,90.9348441926346,,,,,,,,
"d6_5","D6 En el último año (2023), ¿Qué tenía en el lote [nombre D1_1]?","character",,,330,93.4844192634561,,,,,,,,
"d6_A_1","D6 uso del lote: Arroz","factor","(1) Sí, (2) No",2,0,0,,,,,,,,
"d6_A_2","D6 uso del lote: Arroz","factor","(1) Sí, (2) No",2,256,72.5212464589235,,,,,,,,
"d6_A_3","D6 uso del lote: Arroz","factor","(1) Sí, (2) No",2,304,86.1189801699717,,,,,,,,
"d6_A_4","D6 uso del lote: Arroz","factor","(1) Sí, (2) No",2,321,90.9348441926346,,,,,,,,
"d6_A_5","D6 uso del lote: Arroz","factor","(1) Sí, (2) No",2,330,93.4844192634561,,,,,,,,
"d6_B_1","D6 uso del lote: Algodón","factor","(1) Sí, (2) No",2,0,0,,,,,,,,
"d6_B_2","D6 uso del lote: Algodón","factor","(1) Sí, (2) No",2,256,72.5212464589235,,,,,,,,
"d6_B_3","D6 uso del lote: Algodón","factor","(1) Sí, (2) No",2,304,86.1189801699717,,,,,,,,
"d6_B_4","D6 uso del lote: Algodón","factor","(1) Sí, (2) No",2,321,90.9348441926346,,,,,,,,
"d6_B_5","D6 uso del lote: Algodón","factor","(1) Sí, (2) No",2,330,93.4844192634561,,,,,,,,
"d6_C_1","D6 uso del lote: Maíz","factor","(1) Sí, (2) No",2,0,0,,,,,,,,
"d6_C_2","D6 uso del lote: Maíz","factor","(1) Sí, (2) No",2,256,72.5212464589235,,,,,,,,
"d6_C_3","D6 uso del lote: Maíz","factor","(1) Sí, (2) No",2,304,86.1189801699717,,,,,,,,
"d6_C_4","D6 uso del lote: Maíz","factor","(1) Sí, (2) No",2,321,90.9348441926346,,,,,,,,
"d6_C_5","D6 uso del lote: Maíz","factor","(1) Sí, (2) No",2,330,93.4844192634561,,,,,,,,
"d6_D_1","D6 uso del lote: Sorgo","factor","(1) Sí, (2) No",2,0,0,,,,,,,,
"d6_D_2","D6 uso del lote: Sorgo","factor","(1) Sí, (2) No",2,256,72.5212464589235,,,,,,,,
"d6_D_3","D6 uso del lote: Sorgo","factor","(1) Sí, (2) No",2,304,86.1189801699717,,,,,,,,
"d6_D_4","D6 uso del lote: Sorgo","factor","(1) Sí, (2) No",2,321,90.9348441926346,,,,,,,,
"d6_D_5","D6 uso del lote: Sorgo","factor","(1) Sí, (2) No",2,330,93.4844192634561,,,,,,,,
"d6_E_1","D6 uso del lote: Soya","factor","(1) Sí, (2) No",2,0,0,,,,,,,,
"d6_E_2","D6 uso del lote: Soya","factor","(1) Sí, (2) No",2,256,72.5212464589235,,,,,,,,
"d6_E_3","D6 uso del lote: Soya","factor","(1) Sí, (2) No",2,304,86.1189801699717,,,,,,,,
"d6_E_4","D6 uso del lote: Soya","factor","(1) Sí, (2) No",2,321,90.9348441926346,,,,,,,,
"d6_E_5","D6 uso del lote: Soya","factor","(1) Sí, (2) No",2,330,93.4844192634561,,,,,,,,
"d6_F_1","D6 uso del lote: Otro cultivo, especifique","factor","(1) Sí, (2) No",2,0,0,,,,,,,,
"d6_F_2","D6 uso del lote: Otro cultivo, especifique","factor","(1) Sí, (2) No",2,256,72.5212464589235,,,,,,,,
"d6_F_3","D6 uso del lote: Otro cultivo, especifique","factor","(1) Sí, (2) No",2,304,86.1189801699717,,,,,,,,
"d6_F_4","D6 uso del lote: Otro cultivo, especifique","factor","(1) Sí, (2) No",2,321,90.9348441926346,,,,,,,,
"d6_F_5","D6 uso del lote: Otro cultivo, especifique","factor","(1) Sí, (2) No",2,330,93.4844192634561,,,,,,,,
"d6_G_1","D6 uso del lote: Descanso","factor","(1) Sí, (2) No",2,0,0,,,,,,,,
"d6_G_2","D6 uso del lote: Descanso","factor","(1) Sí, (2) No",2,256,72.5212464589235,,,,,,,,
"d6_G_3","D6 uso del lote: Descanso","factor","(1) Sí, (2) No",2,304,86.1189801699717,,,,,,,,
"d6_G_4","D6 uso del lote: Descanso","factor","(1) Sí, (2) No",2,321,90.9348441926346,,,,,,,,
"d6_G_5","D6 uso del lote: Descanso","factor","(1) Sí, (2) No",2,330,93.4844192634561,,,,,,,,
"d6_H_1","D6 uso del lote: Pasto","factor","(1) Sí, (2) No",2,0,0,,,,,,,,
"d6_H_2","D6 uso del lote: Pasto","factor","(1) Sí, (2) No",2,256,72.5212464589235,,,,,,,,
"d6_H_3","D6 uso del lote: Pasto","factor","(1) Sí, (2) No",2,304,86.1189801699717,,,,,,,,
"d6_H_4","D6 uso del lote: Pasto","factor","(1) Sí, (2) No",2,321,90.9348441926346,,,,,,,,
"d6_H_5","D6 uso del lote: Pasto","factor","(1) Sí, (2) No",2,330,93.4844192634561,,,,,,,,
"d6_I_1","D6 uso del lote: Malezas y rastrojo","factor","(1) Sí, (2) No",2,0,0,,,,,,,,
"d6_I_2","D6 uso del lote: Malezas y rastrojo","factor","(1) Sí, (2) No",2,256,72.5212464589235,,,,,,,,
"d6_I_3","D6 uso del lote: Malezas y rastrojo","factor","(1) Sí, (2) No",2,304,86.1189801699717,,,,,,,,
"d6_I_4","D6 uso del lote: Malezas y rastrojo","factor","(1) Sí, (2) No",2,321,90.9348441926346,,,,,,,,
"d6_I_5","D6 uso del lote: Malezas y rastrojo","factor","(1) Sí, (2) No",2,330,93.4844192634561,,,,,,,,
"d6_J_1","D6 uso del lote: Bosque natural","factor","(1) Sí, (2) No",2,0,0,,,,,,,,
"d6_J_2","D6 uso del lote: Bosque natural","factor","(1) Sí, (2) No",2,256,72.5212464589235,,,,,,,,
"d6_J_3","D6 uso del lote: Bosque natural","factor","(1) Sí, (2) No",2,304,86.1189801699717,,,,,,,,
"d6_J_4","D6 uso del lote: Bosque natural","factor","(1) Sí, (2) No",2,321,90.9348441926346,,,,,,,,
"d6_J_5","D6 uso del lote: Bosque natural","factor","(1) Sí, (2) No",2,330,93.4844192634561,,,,,,,,
"d6_K_1","D6 uso del lote: Plantación forestal","factor","(1) Sí, (2) No",2,0,0,,,,,,,,
"d6_K_2","D6 uso del lote: Plantación forestal","factor","(1) Sí, (2) No",2,256,72.5212464589235,,,,,,,,
"d6_K_3","D6 uso del lote: Plantación forestal","factor","(1) Sí, (2) No",2,304,86.1189801699717,,,,,,,,
"d6_K_4","D6 uso del lote: Plantación forestal","factor","(1) Sí, (2) No",2,321,90.9348441926346,,,,,,,,
"d6_K_5","D6 uso del lote: Plantación forestal","factor","(1) Sí, (2) No",2,330,93.4844192634561,,,,,,,,
"d6a_1","D6 Otro cultivo","character",,,350,99.1501416430595,,,,,,,,
"d6a_2","D6 Otro cultivo","character",,,352,99.7167138810198,,,,,,,,
"d6a_3","D6 Otro cultivo","character",,,353,100,,,,,,,,
"d6a_4","D6 Otro cultivo","character",,,353,100,,,,,,,,
"d6a_5","D6 Otro cultivo","character",,,353,100,,,,,,,,
"d6a_1_1","D6 Uso","character",,,0,0,,,,,,,,
"d6a_1_2","D6 Uso","character",,,256,72.5212464589235,,,,,,,,
"d6a_1_3","D6 Uso","character",,,304,86.1189801699717,,,,,,,,
"d6a_1_4","D6 Uso","character",,,321,90.9348441926346,,,,,,,,
"d6a_1_5","D6 Uso","character",,,330,93.4844192634561,,,,,,,,
"d7_1_1","D7 Área sembrada con este cultivo en hectáreas","numeric",,,0,0,0.2,80,6.84643059490085,4,9.39086867631954,6.5,,
"d7_1_2","D7 Área sembrada con este cultivo en hectáreas","numeric",,,256,72.5212464589235,0.5,30,6.72216494845361,5,5.91353923685655,6.8,,
"d7_1_3","D7 Área sembrada con este cultivo en hectáreas","numeric",,,304,86.1189801699717,0.25,23.5,7.6265306122449,6,5.55814063297416,6,,
"d7_1_4","D7 Área sembrada con este cultivo en hectáreas","numeric",,,321,90.9348441926346,0.25,40,9.45,7.85,8.23314505030458,6.5625,,
"d7_1_5","D7 Área sembrada con este cultivo en hectáreas","numeric",,,330,93.4844192634561,3,28.1,11.004347826087,11,6.45758738095031,7,,
"d8_c_1_1","D8 ¿Cantidad total cosechada en este lote en 2023?","numeric",,,3,0.84985835694051,12,305450,2253.69657142857,474,16849.5378350838,932,,
"d8_c_1_2","D8 ¿Cantidad total cosechada en este lote en 2023?","numeric",,,256,72.5212464589235,1,111210,3741.89793814433,660,14702.4794616417,1200,,
"d8_c_1_3","D8 ¿Cantidad total cosechada en este lote en 2023?","numeric",,,304,86.1189801699717,35,5120,1070.56836734694,800,1086.22044257321,1117,,
"d8_c_1_4","D8 ¿Cantidad total cosechada en este lote en 2023?","numeric",,,321,90.9348441926346,0,5054,1211.1875,802.5,1291.58843033959,1077.75,,
"d8_c_1_5","D8 ¿Cantidad total cosechada en este lote en 2023?","numeric",,,330,93.4844192634561,14,6210,1698.91304347826,1551,1534.76758421248,1474,,
"d8_u_1_1","D8 Unidad  de medida ","factor","(1) Toneladas, (2) Libras, (3) Kilos, (4) Bultos, (5) Carga, (6) Otra, especifique",6,3,0.84985835694051,,,,,,,,
"d8_u_1_2","D8 Unidad  de medida ","factor","(1) Toneladas, (2) Libras, (3) Kilos, (4) Bultos, (5) Carga, (6) Otra, especifique",6,256,72.5212464589235,,,,,,,,
"d8_u_1_3","D8 Unidad  de medida ","factor","(1) Toneladas, (2) Libras, (3) Kilos, (4) Bultos, (5) Carga, (6) Otra, especifique",6,304,86.1189801699717,,,,,,,,
"d8_u_1_4","D8 Unidad  de medida ","factor","(1) Toneladas, (2) Libras, (3) Kilos, (4) Bultos, (5) Carga, (6) Otra, especifique",6,322,91.2181303116147,,,,,,,,
"d8_u_1_5","D8 Unidad  de medida ","factor","(1) Toneladas, (2) Libras, (3) Kilos, (4) Bultos, (5) Carga, (6) Otra, especifique",6,330,93.4844192634561,,,,,,,,
"d8_ua_1_1"," ""D8 Otra unidad""","character",,,353,100,,,,,,,,
"d8_ua_1_2"," ""D8 Otra unidad""","character",,,352,99.7167138810198,,,,,,,,
"d8_ua_1_3"," ""D8 Otra unidad""","character",,,353,100,,,,,,,,
"d8_ua_1_4"," ""D8 Otra unidad""","character",,,353,100,,,,,,,,
"d8_ua_1_5"," ""D8 Otra unidad""","character",,,353,100,,,,,,,,
"d8_e_1_1","D8 Equivalencia de la unidad de medida en kilos","numeric",,,12,3.39943342776204,50,75,61.9589442815249,62.5,2.66288500112928,0,,
"d8_e_1_2","D8 Equivalencia de la unidad de medida en kilos","numeric",,,262,74.2209631728045,30,125,62.1373626373626,62.5,7.9805548171324,0,,
"d8_e_1_3","D8 Equivalencia de la unidad de medida en kilos","numeric",,,304,86.1189801699717,50,115,63.0612244897959,62.5,7.97563519744485,0,,
"d8_e_1_4","D8 Equivalencia de la unidad de medida en kilos","numeric",,,323,91.5014164305949,50,62.5,62.0833333333333,62.5,2.28217732293819,0,,
"d8_e_1_5","D8 Equivalencia de la unidad de medida en kilos","numeric",,,331,93.7677053824363,62.5,62.5,62.5,62.5,0,0,,
"d8_1_1_1","D8.1 Especificación del producto","factor","(1) Grano o almendra, (2) Paddy o cascara verde, (3) Paddy o cascara seca, (4) Blanco/pulido, (5) Grano, (6) Mazorca o choclo, (7) Tusa o amero seco, (8) Grano seco, (9) Vaina o verde, (10) Otro (especifique)",10,0,0,,,,,,,,
"d8_1_1_2","D8.1 Especificación del producto","factor","(1) Grano o almendra, (2) Paddy o cascara verde, (3) Paddy o cascara seca, (4) Blanco/pulido, (5) Grano, (6) Mazorca o choclo, (7) Tusa o amero seco, (8) Grano seco, (9) Vaina o verde, (10) Otro (especifique)",10,256,72.5212464589235,,,,,,,,
"d8_1_1_3","D8.1 Especificación del producto","factor","(1) Grano o almendra, (2) Paddy o cascara verde, (3) Paddy o cascara seca, (4) Blanco/pulido, (5) Grano, (6) Mazorca o choclo, (7) Tusa o amero seco, (8) Grano seco, (9) Vaina o verde, (10) Otro (especifique)",10,304,86.1189801699717,,,,,,,,
"d8_1_1_4","D8.1 Especificación del producto","factor","(1) Grano o almendra, (2) Paddy o cascara verde, (3) Paddy o cascara seca, (4) Blanco/pulido, (5) Grano, (6) Mazorca o choclo, (7) Tusa o amero seco, (8) Grano seco, (9) Vaina o verde, (10) Otro (especifique)",10,321,90.9348441926346,,,,,,,,
"d8_1_1_5","D8.1 Especificación del producto","factor","(1) Grano o almendra, (2) Paddy o cascara verde, (3) Paddy o cascara seca, (4) Blanco/pulido, (5) Grano, (6) Mazorca o choclo, (7) Tusa o amero seco, (8) Grano seco, (9) Vaina o verde, (10) Otro (especifique)",10,330,93.4844192634561,,,,,,,,
"d8_1_1a_1"," ""D8.1 Otra especificación ""","character",,,352,99.7167138810198,,,,,,,,
"d8_1_1a_2"," ""D8.1 Otra especificación ""","character",,,352,99.7167138810198,,,,,,,,
"d8_1_1a_3"," ""D8.1 Otra especificación ""","character",,,352,99.7167138810198,,,,,,,,
"d8_1_1a_4"," ""D8.1 Otra especificación ""","character",,,352,99.7167138810198,,,,,,,,
"d8_1_1a_5"," ""D8.1 Otra especificación ""","character",,,353,100,,,,,,,,
"d8_2_1_1","D8.2 La producción reportada corresponde a:","factor","(1) Solo semestre A, (2) Solo semestre B, (3) Ambos semestres (anual)",3,2,0.56657223796034,,,,,,,,
"d8_2_1_2","D8.2 La producción reportada corresponde a:","factor","(1) Solo semestre A, (2) Solo semestre B, (3) Ambos semestres (anual)",3,256,72.5212464589235,,,,,,,,
"d8_2_1_3","D8.2 La producción reportada corresponde a:","factor","(1) Solo semestre A, (2) Solo semestre B, (3) Ambos semestres (anual)",3,304,86.1189801699717,,,,,,,,
"d8_2_1_4","D8.2 La producción reportada corresponde a:","factor","(1) Solo semestre A, (2) Solo semestre B, (3) Ambos semestres (anual)",3,321,90.9348441926346,,,,,,,,
"d8_2_1_5","D8.2 La producción reportada corresponde a:","factor","(1) Solo semestre A, (2) Solo semestre B, (3) Ambos semestres (anual)",3,330,93.4844192634561,,,,,,,,
"d9_1_1","D9 ¿De lo que cosechó, cuántas (unidad en D8_u) vendió?","numeric",,,2,0.56657223796034,0,305450,2225.7358974359,440,16827.5507621203,878.5,,
"d9_1_2","D9 ¿De lo que cosechó, cuántas (unidad en D8_u) vendió?","numeric",,,256,72.5212464589235,1,111210,3440.4618556701,650,13460.735488801,1200,,
"d9_1_3","D9 ¿De lo que cosechó, cuántas (unidad en D8_u) vendió?","numeric",,,304,86.1189801699717,35,5120,1053.73163265306,768,1092.05926744566,1227,,
"d9_1_4","D9 ¿De lo que cosechó, cuántas (unidad en D8_u) vendió?","numeric",,,321,90.9348441926346,0,5054,1162.03125,785,1312.52201172018,1116.75,,
"d9_1_5","D9 ¿De lo que cosechó, cuántas (unidad en D8_u) vendió?","numeric",,,330,93.4844192634561,14,6210,1631.95652173913,1485,1568.84429027059,1564,,
"d10_1_1","D10 ¿Cuál fue el precio promedio al que vendió por [unidad en D8_u)? COP/UNIDAD","numeric",,,2,0.56657223796034,0,41280000,316692.331908832,103500,2814636.80945371,10000,,
"d10_1_2","D10 ¿Cuál fue el precio promedio al que vendió por [unidad en D8_u)? COP/UNIDAD","numeric",,,256,72.5212464589235,1,1000000,106299.592783505,105000,96306.686835499,10000,,
"d10_1_3","D10 ¿Cuál fue el precio promedio al que vendió por [unidad en D8_u)? COP/UNIDAD","numeric",,,304,86.1189801699717,1440,125000,104457.959183673,105000,17424.7052796204,7000,,
"d10_1_4","D10 ¿Cuál fue el precio promedio al que vendió por [unidad en D8_u)? COP/UNIDAD","numeric",,,321,90.9348441926346,0,212000,100671.8996875,105000,37074.3131781344,8000,,
"d10_1_5","D10 ¿Cuál fue el precio promedio al que vendió por [unidad en D8_u)? COP/UNIDAD","numeric",,,330,93.4844192634561,0.79,120000,101891.338695652,105000,22760.4294507392,7750,,
"d6a_2_1","D6 Uso","character",,,0,0,,,,,,,,
"d6a_2_2","D6 Uso","character",,,256,72.5212464589235,,,,,,,,
"d6a_2_3","D6 Uso","character",,,304,86.1189801699717,,,,,,,,
"d6a_2_4","D6 Uso","character",,,321,90.9348441926346,,,,,,,,
"d6a_2_5","D6 Uso","character",,,330,93.4844192634561,,,,,,,,
"d7_2_1","D7 Área sembrada con este cultivo en hectáreas","numeric",,,296,83.8526912181303,0.5,32,7.89350877192982,5,8.27340975035342,8,,
"d7_2_2","D7 Área sembrada con este cultivo en hectáreas","numeric",,,341,96.600566572238,0.75,30,5.725,4.5,7.84803102116008,2.8125,,
"d7_2_3","D7 Área sembrada con este cultivo en hectáreas","numeric",,,350,99.1501416430595,4,6,5,5,1,1,,
"d7_2_4","D7 Área sembrada con este cultivo en hectáreas","numeric",,,352,99.7167138810198,6,6,6,6,,0,,
"d7_2_5","D7 Área sembrada con este cultivo en hectáreas","numeric",,,352,99.7167138810198,6,6,6,6,,0,,
"d8_c_2_1","D8 ¿Cantidad total cosechada en este lote en 2023?","numeric",,,296,83.8526912181303,-99,38000,2460.93245614035,19,8767.86964622868,50,,
"d8_c_2_2","D8 ¿Cantidad total cosechada en este lote en 2023?","numeric",,,341,96.600566572238,3,21830,2256.2875,14.375,6327.99664791045,42.5125,,
"d8_c_2_3","D8 ¿Cantidad total cosechada en este lote en 2023?","numeric",,,350,99.1501416430595,15,36,26.3333333333333,28,10.5987420637231,10.5,,
"d8_c_2_4","D8 ¿Cantidad total cosechada en este lote en 2023?","numeric",,,352,99.7167138810198,30,30,30,30,,0,,
"d8_c_2_5","D8 ¿Cantidad total cosechada en este lote en 2023?","numeric",,,352,99.7167138810198,32,32,32,32,,0,,
"d8_u_2_1","D8 Unidad de medida","factor","(1) Toneladas, (2) Libras, (3) Kilos, (4) Bultos, (5) Carga, (6) Otra, especifique",6,298,84.4192634560906,,,,,,,,
"d8_u_2_2","D8 Unidad de medida","factor","(1) Toneladas, (2) Libras, (3) Kilos, (4) Bultos, (5) Carga, (6) Otra, especifique",6,341,96.600566572238,,,,,,,,
"d8_u_2_3","D8 Unidad de medida","factor","(1) Toneladas, (2) Libras, (3) Kilos, (4) Bultos, (5) Carga, (6) Otra, especifique",6,350,99.1501416430595,,,,,,,,
"d8_u_2_4","D8 Unidad de medida","factor","(1) Toneladas, (2) Libras, (3) Kilos, (4) Bultos, (5) Carga, (6) Otra, especifique",6,352,99.7167138810198,,,,,,,,
"d8_u_2_5","D8 Unidad de medida","factor","(1) Toneladas, (2) Libras, (3) Kilos, (4) Bultos, (5) Carga, (6) Otra, especifique",6,352,99.7167138810198,,,,,,,,
"d8_ua_2_1"," ""D8 Otra unidad""","numeric",,,353,100,Inf,-Inf,,,,,,
"d8_ua_2_2"," ""D8 Otra unidad""","numeric",,,353,100,Inf,-Inf,,,,,,
"d8_ua_2_3"," ""D8 Otra unidad""","numeric",,,353,100,Inf,-Inf,,,,,,
"d8_ua_2_4"," ""D8 Otra unidad""","numeric",,,353,100,Inf,-Inf,,,,,,
"d8_ua_2_5"," ""D8 Otra unidad""","numeric",,,353,100,Inf,-Inf,,,,,,
"d8_e_2_1","D8 Equivalencia de la unidad de medida en kilos","numeric",,,353,100,Inf,-Inf,,,,,,
"d8_e_2_2","D8 Equivalencia de la unidad de medida en kilos","numeric",,,353,100,Inf,-Inf,,,,,,
"d8_e_2_3","D8 Equivalencia de la unidad de medida en kilos","numeric",,,353,100,Inf,-Inf,,,,,,
"d8_e_2_4","D8 Equivalencia de la unidad de medida en kilos","numeric",,,353,100,Inf,-Inf,,,,,,
"d8_e_2_5","D8 Equivalencia de la unidad de medida en kilos","numeric",,,353,100,Inf,-Inf,,,,,,
"d8_1_2_1","D8.1 Especificación del producto","factor","(1) Grano o almendra, (2) Paddy o cascara verde, (3) Paddy o cascara seca, (4) Blanco/pulido, (5) Grano, (6) Mazorca o choclo, (7) Tusa o amero seco, (8) Grano seco, (9) Vaina o verde, (10) Otro (especifique)",10,299,84.7025495750708,,,,,,,,
"d8_1_2_2","D8.1 Especificación del producto","factor","(1) Grano o almendra, (2) Paddy o cascara verde, (3) Paddy o cascara seca, (4) Blanco/pulido, (5) Grano, (6) Mazorca o choclo, (7) Tusa o amero seco, (8) Grano seco, (9) Vaina o verde, (10) Otro (especifique)",10,341,96.600566572238,,,,,,,,
"d8_1_2_3","D8.1 Especificación del producto","factor","(1) Grano o almendra, (2) Paddy o cascara verde, (3) Paddy o cascara seca, (4) Blanco/pulido, (5) Grano, (6) Mazorca o choclo, (7) Tusa o amero seco, (8) Grano seco, (9) Vaina o verde, (10) Otro (especifique)",10,350,99.1501416430595,,,,,,,,
"d8_1_2_4","D8.1 Especificación del producto","factor","(1) Grano o almendra, (2) Paddy o cascara verde, (3) Paddy o cascara seca, (4) Blanco/pulido, (5) Grano, (6) Mazorca o choclo, (7) Tusa o amero seco, (8) Grano seco, (9) Vaina o verde, (10) Otro (especifique)",10,352,99.7167138810198,,,,,,,,
"d8_1_2_5","D8.1 Especificación del producto","factor","(1) Grano o almendra, (2) Paddy o cascara verde, (3) Paddy o cascara seca, (4) Blanco/pulido, (5) Grano, (6) Mazorca o choclo, (7) Tusa o amero seco, (8) Grano seco, (9) Vaina o verde, (10) Otro (especifique)",10,352,99.7167138810198,,,,,,,,
"d8_1_2a_1"," ""D8.1 Otra especificación ""","character",,,350,99.1501416430595,,,,,,,,
"d8_1_2a_2"," ""D8.1 Otra especificación ""","character",,,353,100,,,,,,,,
"d8_1_2a_3"," ""D8.1 Otra especificación ""","character",,,353,100,,,,,,,,
"d8_1_2a_4"," ""D8.1 Otra especificación ""","character",,,353,100,,,,,,,,
"d8_1_2a_5"," ""D8.1 Otra especificación ""","character",,,353,100,,,,,,,,
"d8_2_2_1","D8.2 La producción reportada corresponde a:","factor","(1) Solo semestre A, (2) Solo semestre B, (3) Ambos semestres (anual)",3,296,83.8526912181303,,,,,,,,
"d8_2_2_2","D8.2 La producción reportada corresponde a:","factor","(1) Solo semestre A, (2) Solo semestre B, (3) Ambos semestres (anual)",3,341,96.600566572238,,,,,,,,
"d8_2_2_3","D8.2 La producción reportada corresponde a:","factor","(1) Solo semestre A, (2) Solo semestre B, (3) Ambos semestres (anual)",3,350,99.1501416430595,,,,,,,,
"d8_2_2_4","D8.2 La producción reportada corresponde a:","factor","(1) Solo semestre A, (2) Solo semestre B, (3) Ambos semestres (anual)",3,352,99.7167138810198,,,,,,,,
"d8_2_2_5","D8.2 La producción reportada corresponde a:","factor","(1) Solo semestre A, (2) Solo semestre B, (3) Ambos semestres (anual)",3,352,99.7167138810198,,,,,,,,
"d9_2_1","D9 ¿De lo que cosechó, cuántas (unidad en D8_u) vendió?","numeric",,,296,83.8526912181303,-99,38000,2453.81403508772,18,8769.73932832972,43.75,,
"d9_2_2","D9 ¿De lo que cosechó, cuántas (unidad en D8_u) vendió?","numeric",,,341,96.600566572238,3,21830,2256.2875,14.375,6327.99664791045,42.5125,,
"d9_2_3","D9 ¿De lo que cosechó, cuántas (unidad en D8_u) vendió?","numeric",,,350,99.1501416430595,15,36,26.3333333333333,28,10.5987420637231,10.5,,
"d9_2_4","D9 ¿De lo que cosechó, cuántas (unidad en D8_u) vendió?","numeric",,,352,99.7167138810198,30,30,30,30,,0,,
"d9_2_5","D9 ¿De lo que cosechó, cuántas (unidad en D8_u) vendió?","numeric",,,352,99.7167138810198,32,32,32,32,,0,,
"d10_2_1","D10 ¿Cuál fue el precio promedio al que vendió por [unidad en D8_u)? COP/UNIDAD","numeric",,,296,83.8526912181303,0,1900000,848341.522631579,1000000,553658.676285523,1125000,,
"d10_2_2","D10 ¿Cuál fue el precio promedio al que vendió por [unidad en D8_u)? COP/UNIDAD","numeric",,,341,96.600566572238,1000,11000000,1740733.33333333,1050000,2950306.66182142,263750,,
"d10_2_3","D10 ¿Cuál fue el precio promedio al que vendió por [unidad en D8_u)? COP/UNIDAD","numeric",,,350,99.1501416430595,800000,1100000,973333.333333333,1020000,155349.069303081,150000,,
"d10_2_4","D10 ¿Cuál fue el precio promedio al que vendió por [unidad en D8_u)? COP/UNIDAD","numeric",,,352,99.7167138810198,1000000,1000000,1000000,1000000,,0,,
"d10_2_5","D10 ¿Cuál fue el precio promedio al que vendió por [unidad en D8_u)? COP/UNIDAD","numeric",,,352,99.7167138810198,1200000,1200000,1200000,1200000,,0,,
"a11","A11 Departamento","factor","(1) Tolima",1,0,0,,,,,,,,
"a12","A12 Municipio","factor","(1) ALVARADO, (2) AMBALEMA, (3) ARMERO, (4) COYAIMA, (5) ESPINAL, (6) FLANDES, (7) GUAMO, (8) HERVEO, (9) IBAGUÉ, (10) LÉRIDA, (11) PIEDRAS, (12) PRADO, (13) PURIFICACIÓN, (14) SALDAÑA, (15) VENADILLO",15,0,0,,,,,,,,
"a12a","A12 Otro municipio","labelled",,,353,100,,,,,,,,
"a13","A13 Vereda","numeric",,,0,0,99,73861029,68228218.1189802,73408009,18864234.6507255,316998,,
"a13a","A13 Otra vereda","character",,,0,0,,,,,,,,
"ubicacion","A continuación, se requiere la ubicación GPS.","factor","(1) Continuar",1,2,0.56657223796034,,,,,,,,
"a16","A16 La ubicación de actual de la entrevista corresponde a:","factor","(1) Casa y (lote principal (están juntas), (2) La casa, (3) Lote principal, (4) Otro lugar, especifique.",4,0,0,,,,,,,,
"a16a","A16 Otra ubicación","character",,,0,0,,,,,,,,
"a17","A17 ¿Cuánto se demora en llegar desde esta ubicación al lote principal?","numeric",,,45,12.7478753541076,1,360,14.6883116883117,10,22.6865109315604,10,,
"a18","A18 Principal medio de transporte usado","factor","(1) A pie, (2) En camioneta/carro, (3) A caballo/cualquier animal, (4) En bus o ruta, (5) Bicicleta, (6) Moto, (7) Otro (especificar)",7,49,13.8810198300283,,,,,,,,
"a18a","A18 Otro medio de transporte","character",,,0,0,,,,,,,,
"a19","A19 Sistema de cultivo","factor","(1) Riego, (2) Secano",2,0,0,,,,,,,,
"d5","D5 En el último año (2023) ¿Qué evento(s) afectaron negativamente el lote?","character",,,0,0,,,,,,,,
"d5_A","D5 Evento: Inundación","factor","(1) Sí, (2) No",2,0,0,,,,,,,,
"d5_B","D5 Evento: Altas temperaturas","factor","(1) Sí, (2) No",2,0,0,,,,,,,,
"d5_C","D5 Evento: Exceso de precipitación (lluvia)","factor","(1) Sí, (2) No",2,0,0,,,,,,,,
"d5_D","D5 Evento: Lluvias inoportunas","factor","(1) Sí, (2) No",2,0,0,,,,,,,,
"d5_E","D5 Evento: Tormenta de granizo","factor","(1) Sí, (2) No",2,0,0,,,,,,,,
"d5_F","D5 Evento: Helada","factor","(1) Sí, (2) No",2,0,0,,,,,,,,
"d5_G","D5 Evento: Sequía","factor","(1) Sí, (2) No",2,0,0,,,,,,,,
"d5_H","D5 Evento: Vientos fuertes","factor","(1) Sí, (2) No",2,0,0,,,,,,,,
"d5_I","D5 Evento: Desprendimientos de tierra ","factor","(1) Sí, (2) No",2,0,0,,,,,,,,
"d5_J","D5 Evento: Incendios o quemas","factor","(1) Sí, (2) No",2,0,0,,,,,,,,
"d5_K","D5 Evento: Malezas","factor","(1) Sí, (2) No",2,0,0,,,,,,,,
"d5_L","D5 Evento: Plaga","factor","(1) Sí, (2) No",2,0,0,,,,,,,,
"d5_M","D5 Evento: Enfermedad de las plantas","factor","(1) Sí, (2) No",2,0,0,,,,,,,,
"d5_0","D5 Evento: No fue atacado","factor","(1) Sí, (2) No",2,0,0,,,,,,,,
"d5_7","D5 Evento: NS/NR","factor","(1) Sí, (2) No",2,0,0,,,,,,,,
"d5_N","D5 Evento: Otro, especifique","factor","(1) Sí, (2) No",2,0,0,,,,,,,,
"d5a","D5 Otro evento","character",,,0,0,,,,,,,,
"d5_1","D5.1 Evento 1","character",,,0,0,,,,,,,,
"d5_2","D5.2 Evento 2","character",,,0,0,,,,,,,,
"d5_3_1","D5.3 ¿En qué meses ocurrió el/la [EVENTO]?","character",,,0,0,,,,,,,,
"d5_3_1_A","D5.3 Mes afectación evento 1: Enero","factor","(1) Sí, (2) No",2,0,0,,,,,,,,
"d5_3_1_B","D5.3 Mes afectación evento 1: Febrero","factor","(1) Sí, (2) No",2,0,0,,,,,,,,
"d5_3_1_C","D5.3 Mes afectación evento 1: Marzo","factor","(1) Sí, (2) No",2,0,0,,,,,,,,
"d5_3_1_D","D5.3 Mes afectación evento 1: Abril","factor","(1) Sí, (2) No",2,0,0,,,,,,,,
"d5_3_1_E","D5.3 Mes afectación evento 1: Mayo","factor","(1) Sí, (2) No",2,0,0,,,,,,,,
"d5_3_1_F","D5.3 Mes afectación evento 1: Junio","factor","(1) Sí, (2) No",2,0,0,,,,,,,,
"d5_3_1_G","D5.3 Mes afectación evento 1: Julio","factor","(1) Sí, (2) No",2,0,0,,,,,,,,
"d5_3_1_H","D5.3 Mes afectación evento 1: Agosto","factor","(1) Sí, (2) No",2,0,0,,,,,,,,
"d5_3_1_I","D5.3 Mes afectación evento 1: Septiembre","factor","(1) Sí, (2) No",2,0,0,,,,,,,,
"d5_3_1_J","D5.3 Mes afectación evento 1: Octubre","factor","(1) Sí, (2) No",2,0,0,,,,,,,,
"d5_3_1_K","D5.3 Mes afectación evento 1: Noviembre","factor","(1) Sí, (2) No",2,0,0,,,,,,,,
"d5_3_1_L","D5.3 Mes afectación evento 1: Diciembre","factor","(1) Sí, (2) No",2,0,0,,,,,,,,
"d5_3_2","D5.3 ¿En qué meses ocurrió el/la [EVENTO]?","character",,,0,0,,,,,,,,
"d5_3_2_A","D5.3 Mes afectación evento 2: Enero","factor","(1) Sí, (2) No",2,0,0,,,,,,,,
"d5_3_2_B","D5.3 Mes afectación evento 2: Febrero","factor","(1) Sí, (2) No",2,0,0,,,,,,,,
"d5_3_2_C","D5.3 Mes afectación evento 2: Marzo","factor","(1) Sí, (2) No",2,0,0,,,,,,,,
"d5_3_2_D","D5.3 Mes afectación evento 2: Abril","factor","(1) Sí, (2) No",2,0,0,,,,,,,,
"d5_3_2_E","D5.3 Mes afectación evento 2: Mayo","factor","(1) Sí, (2) No",2,0,0,,,,,,,,
"d5_3_2_F","D5.3 Mes afectación evento 2: Junio","factor","(1) Sí, (2) No",2,0,0,,,,,,,,
"d5_3_2_G","D5.3 Mes afectación evento 2: Julio","factor","(1) Sí, (2) No",2,0,0,,,,,,,,
"d5_3_2_H","D5.3 Mes afectación evento 2: Agosto","factor","(1) Sí, (2) No",2,0,0,,,,,,,,
"d5_3_2_I","D5.3 Mes afectación evento 2: Septiembre","factor","(1) Sí, (2) No",2,0,0,,,,,,,,
"d5_3_2_J","D5.3 Mes afectación evento 2: Octubre","factor","(1) Sí, (2) No",2,0,0,,,,,,,,
"d5_3_2_K","D5.3 Mes afectación evento 2: Noviembre","factor","(1) Sí, (2) No",2,0,0,,,,,,,,
"d5_3_2_L","D5.3 Mes afectación evento 2: Diciembre","factor","(1) Sí, (2) No",2,0,0,,,,,,,,
"d5_4_1","D5.4 ¿Qué medidas ha tomado a raíz de estas afectaciones?","character",,,0,0,,,,,,,,
"d5_4_1_A","D5.4 Medidas frente a evento 1: Instalación de infraestructura en la finca","factor","(1) Sí, (2) No",2,0,0,,,,,,,,
"d5_4_1_B","D5.4 Medidas frente a evento 1: Adquisición de activos especializados","factor","(1) Sí, (2) No",2,0,0,,,,,,,,
"d5_4_1_C","D5.4 Medidas frente a evento 1: Cambio de fechas de siembra","factor","(1) Sí, (2) No",2,0,0,,,,,,,,
"d5_4_1_D","D5.4 Medidas frente a evento 1: Cambio en manejo agronómico del cultivo","factor","(1) Sí, (2) No",2,0,0,,,,,,,,
"d5_4_1_E","D5.4 Medidas frente a evento 1: Consulta de pronósticos climáticos","factor","(1) Sí, (2) No",2,0,0,,,,,,,,
"d5_4_1_F","D5.4 Medidas frente a evento 1: Otro, especifique","factor","(1) Sí, (2) No",2,0,0,,,,,,,,
"d5_4_1_0","D5.4 Medidas frente a evento 1: Ninguna medida","factor","(1) Sí, (2) No",2,0,0,,,,,,,,
"d5_4_1a","D5.4 Otra medida","character",,,0,0,,,,,,,,
"d5_4_2","D5.4 ¿Qué medidas ha tomado a raíz de estas afectaciones?","character",,,0,0,,,,,,,,
"d5_4_2_A","D5.4 Medidas frente a evento 2: Instalación de infraestructura en la finca","factor","(1) Sí, (2) No",2,0,0,,,,,,,,
"d5_4_2_B","D5.4 Medidas frente a evento 2: Adquisición de activos especializados","factor","(1) Sí, (2) No",2,0,0,,,,,,,,
"d5_4_2_C","D5.4 Medidas frente a evento 2: Cambio de fechas de siembra","factor","(1) Sí, (2) No",2,0,0,,,,,,,,
"d5_4_2_D","D5.4 Medidas frente a evento 2: Cambio en manejo agronómico del cultivo","factor","(1) Sí, (2) No",2,0,0,,,,,,,,
"d5_4_2_E","D5.4 Medidas frente a evento 2: Consulta de pronósticos climáticos","factor","(1) Sí, (2) No",2,0,0,,,,,,,,
"d5_4_2_F","D5.4 Medidas frente a evento 2: Otro, especifique","factor","(1) Sí, (2) No",2,0,0,,,,,,,,
"d5_4_2_0","D5.4 Medidas frente a evento 2: Ninguna medida","factor","(1) Sí, (2) No",2,0,0,,,,,,,,
"d5_4_2a","D5.4 Otra medida","character",,,0,0,,,,,,,,
"d5_5_1_1","D5.5 ¿En qué porcentaje cree que [EVENTO] afectó el total de su producción? [0-1]","numeric",,,78,22.0963172804533,0,100,27.6872727272727,20,17.660329730344,17.5,,
"d5_5_2_1","D5.5 ¿En qué porcentaje cree que [EVENTO] afectó el total de su producción? [0-1]","numeric",,,238,67.4220963172804,-99,80,26.5739130434783,20,21.1830207036844,15,,
"f1","F1. ¿Cuántos años de experiencia tiene como productor(a) de arroz?","numeric",,,0,0,1,70,23.4107648725212,20,14.1151352412656,22,,
"id_lote_f2","ID LOTE","numeric",,,0,0,1,5,1.13881019830028,1,0.544075269178873,0,,
"nombre_lote_f2","Nombre lote F2","character",,,0,0,,,,,,,,
"f3","F3 ¿Cuál fue el último periodo de producción?","factor","(1) Semestre A 2023, (2) Semestre B 2023",2,0,0,,,,,,,,
"f4_1","F4 Nombre de la variedad","factor","(1) Fedearroz 67, (2) Fedearroz 60, (3) Fedearroz 2000, (4) FL Fedearroz 68, (5) Fedearroz 2020, (6) Fedearroz 70, (7) Fedearroz ibis, (8) Fedearroz Gualanday, (9) Sikunai, (10) Tucano, (11) Panorama, (12) Cálida , (13) Ecco 10cl (hibrido Ricetec), (14) Tana, (15) oryzica 1, (16) Clear Field, (17) Paraguay, (18) Variedad 64, (19) Yuma, (20) Otra variedad",20,0,0,,,,,,,,
"f4_1a","F4 Nombre de la otra variedad","character",,,0,0,,,,,,,,
"f4_2x","F4 Tuvo otra variedad diferente en el lote principal?","factor","(1) Sí, (2) No",2,0,0,,,,,,,,
"f4_2","F4 Nombre de la variedad","factor","(1) Fedearroz 67, (2) Fedearroz 60, (3) Fedearroz 2000, (4) FL Fedearroz 68, (5) Fedearroz 2020, (6) Fedearroz 70, (7) Fedearroz ibis, (8) Fedearroz Gualanday, (9) Sikunai, (10) Tucano, (11) Panorama, (12) Cálida , (13) Ecco 10cl (hibrido Ricetec), (14) Otra, especifique",14,335,94.9008498583569,,,,,,,,
"f4_2a","F4 Nombre de la otra variedad","character",,,0,0,,,,,,,,
"f5_1","F5 Área sembrada con esta variedad en hectáreas","numeric",,,0,0,0.2,80,6.72178470254958,4,8.75794661482135,6.5,,
"f6_1","F6 Fecha de siembra","date",,,0,0,,,,,,,"19299","19975"
"f6_1f","Fecha de siembra corregida","date",,,0,0,,,,,,,"19299","19713"
"f7_1","F7 Modo de siembra","factor","(1) Voleo manual, (2) Voleo mecanizado, (3) Siembra en surco (Semeato), (4) Trasplante manual, (5) Trasplante mecanizado, (6) Otro, especifique",6,0,0,,,,,,,,
"f7a_1","F7 Otro modo de siembra","character",,,350,99.1501416430595,,,,,,,,
"f8_1","F8 ¿La maquinaria para la siembra fue propia o alquilada?","factor","(1) Propia, (2) Alquilada, (3) Propia y alquilada, (4) No usó maquinaria",4,0,0,,,,,,,,
"f9_1","F9 ¿Cuál es el tipo de mano de obra utilizada para la siembra?","factor","(1) Familiar, (2) Contratada, (3) Familiar y contratada, (4) No requirió mano de obra, (5) Contrato (por toda la actividad)",5,0,0,,,,,,,,
"f10_a_1","F10 Cantidad de mano de obra familiar de hombres usada en siembra (numero de jornales)","numeric",,,340,96.3172804532578,1,25,4.53846153846154,2,6.46291194193691,4,,
"f10_b_1","F10 Cantidad de mano de obra familiar de mujeres usada en siembra (numero de jornales)","numeric",,,340,96.3172804532578,0,0,0,0,0,0,,
"f11_a_1","F11 Cantidad de mano de obra contratada de hombres usada en siembra (numero de jornales)","numeric",,,293,83.0028328611898,1,30,5.1,3,5.93952574720364,3.25,,
"f11_b_1","F11 Cantidad de mano de obra contratada de mujeres usada en siembra (numero de jornales)","numeric",,,293,83.0028328611898,0,16,0.516666666666667,0,2.36135315032821,0,,
"f12_1","F12 ¿Cuánto pagó en TOTAL por hacer la actividad de siembra? (escriba 0 si no pagó)","numeric",,,10,2.8328611898017,30000,80000000,2090086.21574344,710000,6472796.35028313,1275000,,
"f13_1","F13 ¿Cuántos bultos de semilla por hectárea utilizó? (bultos semilla/Ha)","numeric",,,0,0,0.5,10,3.7280850319881,4,1.01142175832551,1,,
"f13_1_1","F13.1 ¿Cuántos kilos pesa el bulto de semilla?","factor","(1) 62 kilos, (2) 50 kilos, (3) 40 kilos, (4) 25 kilos, (5) 10 kilos, (6) 5 kilos, (7) Otro, especifique",7,0,0,,,,,,,,
"f13_1_1a","F13.1 Otro peso de los bultos de semilla","character",,,0,0,,,,,,,,
"f13_densidad_1","Densidad de siembra kg/ha","numeric",,,4,1.13314447592068,12.5,372,189.07711275946,200,52.6274782334876,50,,
"f13_c_1","F13 ¿Cuánto le costó la semilla?","numeric",,,11,3.11614730878187,0,1700000,194606.626345766,210000,106538.344245988,99360,,
"f14_1","F14 ¿La semilla utilizada para establecer el lote principal proviene de?","factor","(1) Certificada, (2) No certificada, (3) Seleccionada, (4) Paddy (se deja de la cosecha) , (5) NS/NR, (6) Otro, especifique",6,0,0,,,,,,,,
"f14a_1","F14 Otra fuente de semilla","character",,,0,0,,,,,,,,
"f14_1_1","F14.1 ¿De donde la obtuvo esta semilla?","factor","(1) Su propio lote, (2) Casa comercial, (3) Semillista, (4) Fedearroz, (5) NS/NR, (6) Otro, especifique",6,0,0,,,,,,,,
"f14_1_1a","F14.1 Otra fuente de la semilla","character",,,0,0,,,,,,,,
"f15_1","F15 ¿Cuál fue la distancia (en cms) de siembra entre plantas en este lote?","numeric",,,281,79.6033994334278,10,40,20.3888888888889,20,4.18432876322452,0,,
"f16_1","F16 ¿Por cuántos años ha usado esta variedad?","numeric",,,1,0.28328611898017,1,30,4.78409090909091,3,4.35451460691056,5.25,,
"f5_2","F5 Área sembrada con esta variedad en hectáreas","numeric",,,344,97.4504249291785,1,28,7.5,4,8.36660026534076,6,,
"f6_2","F6 Fecha de siembra","date",,,344,97.4504249291785,,,,,,,"19373","19792"
"f7_2","F7 Modo de siembra","factor","(1) Voleo manual, (2) Voleo mecanizado, (3) Siembra en surco (Semeato), (4) Trasplante manual, (5) Trasplante mecanizado, (6) Otro, especifique",6,344,97.4504249291785,,,,,,,,
"f7a_2","F7 Otro modo de siembra","character",,,10,2.8328611898017,,,,,,,,
"f8_2","F8 ¿La maquinaria para la siembra fue propia o alquilada?","factor","(1) Propia, (2) Alquilada, (3) Propia y alquilada, (4) No usó maquinaria",4,344,97.4504249291785,,,,,,,,
"f9_2","F9 ¿Cuál es el tipo de mano de obra utilizada para la siembra?","factor","(1) Familiar, (2) Contratada, (3) Familiar y contratada, (4) No requirió mano de obra, (5) Contrato (por toda la actividad)",5,344,97.4504249291785,,,,,,,,
"f10_a_2","F10 Cantidad de mano de obra familiar de hombres usada en siembra (numero de jornales)","numeric",,,352,99.7167138810198,22,22,22,22,,0,,
"f10_b_2","F10 Cantidad de mano de obra familiar de mujeres usada en siembra (numero de jornales)","numeric",,,352,99.7167138810198,22,22,22,22,,0,,
"f11_a_2","F11 Cantidad de mano de obra contratada de hombres usada en siembra (numero de jornales)","labelled",,,353,100,,,,,,,,
"f11_b_2","F11 Cantidad de mano de obra contratada de mujeres usada en siembra (numero de jornales)","labelled",,,353,100,,,,,,,,
"f12_2","F12 ¿Cuánto pagó en TOTAL por hacer la actividad de siembra? (escriba 0 si no pagó)","numeric",,,344,97.4504249291785,22,25000000,5509732.66666667,300000,8815484.78312781,7750000,,
"f13_2","F13 ¿Cuántos bultos de semilla por hectárea utilizó? (bultos semilla/Ha)","numeric",,,344,97.4504249291785,1,45,13.8888888888889,8,15.6240555270106,17,,
"f13_1_2","F13.1 ¿Cuántos kilos pesa el bulto de semilla?","factor","(1) 62 kilos, (2) 50 kilos, (3) 40 kilos, (4) 25 kilos, (5) 10 kilos, (6) 5 kilos, (7) Otro, especifique",7,344,97.4504249291785,,,,,,,,
"f13_1_2a","F13.1 Otro peso de los bultos de semilla","character",,,10,2.8328611898017,,,,,,,,
"f13_c_2","F13 ¿Cuánto le costó la semilla?","numeric",,,344,97.4504249291785,32,232000,163781.333333333,190000,76525.383605703,80000,,
"f14_2","F14 ¿La semilla utilizada para establecer el lote principal proviene de?","factor","(1) Certificada, (2) No certificada, (3) Seleccionada, (4) Paddy (se deja de la cosecha) , (5) NS/NR, (6) Otro, especifique",6,344,97.4504249291785,,,,,,,,
"f14a_2","F14 Otra fuente de semilla","character",,,10,2.8328611898017,,,,,,,,
"f14_1_2","F14.1 ¿De donde la obtuvo esta semilla?","factor","(1) Su propio lote, (2) Casa comercial, (3) Semillista, (4) Fedearroz, (5) NS/NR, (6) Otro, especifique",6,344,97.4504249291785,,,,,,,,
"f14_1_2a","F14.1 Otra fuente de la semilla","character",,,0,0,,,,,,,,
"f15_2","F15 ¿Cuál fue la distancia (en cms) de siembra entre plantas en este lote?","numeric",,,351,99.4334277620397,18,20,19,19,1.4142135623731,1,,
"f16_2","F16 ¿Por cuántos años ha usado esta variedad?","numeric",,,344,97.4504249291785,1,22,6.44444444444444,2,8.44261676127596,5,,
"f16a","F16a Además de la variedad que sembró en este lote, ¿podría decirme cuales son las otras variedades?","character",,,0,0,,,,,,,,
"f16a_A","F16a otra variedad preferida: Fedearroz 67","factor","(1) Sí, (2) No",2,0,0,,,,,,,,
"f16a_B","F16a otra variedad preferida: Fedearroz 60","factor","(1) Sí, (2) No",2,0,0,,,,,,,,
"f16a_C","F16a otra variedad preferida: Fedearroz 2000","factor","(1) Sí, (2) No",2,0,0,,,,,,,,
"f16a_D","F16a otra variedad preferida: FL Fedearroz 68","factor","(1) Sí, (2) No",2,0,0,,,,,,,,
"f16a_E","F16a otra variedad preferida: Fedearroz 2020","factor","(1) Sí, (2) No",2,0,0,,,,,,,,
"f16a_F","F16a otra variedad preferida: Fedearroz 70","factor","(1) Sí, (2) No",2,0,0,,,,,,,,
"f16a_G","F16a otra variedad preferida: Fedearroz Ibis","factor","(1) Sí, (2) No",2,0,0,,,,,,,,
"f16a_H","F16a otra variedad preferida: Fedearroz Gualanday","factor","(1) Sí, (2) No",2,0,0,,,,,,,,
"f16a_I","F16a otra variedad preferida: Sikuani","factor","(1) Sí, (2) No",2,0,0,,,,,,,,
"f16a_J","F16a otra variedad preferida: Tucano","factor","(1) Sí, (2) No",2,0,0,,,,,,,,
"f16a_K","F16a otra variedad preferida: Panorama","factor","(1) Sí, (2) No",2,0,0,,,,,,,,
"f16a_L","F16a otra variedad preferida: Cálida","factor","(1) Sí, (2) No",2,0,0,,,,,,,,
"f16a_M","F16a otra variedad preferida: Ecco 10cl (hibrido Ricetec)","factor","(1) Sí, (2) No",2,0,0,,,,,,,,
"f16a_0","F16a otra variedad preferida: Ninguna","factor","(1) Sí, (2) No",2,0,0,,,,,,,,
"f16a_N","F16a otra variedad preferida: Otra, especifique","factor","(1) Sí, (2) No",2,0,0,,,,,,,,
"f16aa","F16a Otra variedad","character",,,0,0,,,,,,,,
"f17","F17 ¿Con quienes suele consultar/hablar sobre la elección de su semilla de arroz?","factor","(1) Otros productores, (2) Tecnicos agrícolas, (3) Proveedor de insumos, (4) Compradores, (5) Nadie, (6) Otros (especifique)",6,41,11.614730878187,,,,,,,,
"f17a","F17 Otra persona con quien habla acerca de la elección de su semilla","character",,,0,0,,,,,,,,
"f18","F18 ¿Estas conversaciones/consultas han influido en la adopción semillas certificadas?","factor","(1) Sí, (2) No",2,90,25.4957507082153,,,,,,,,
"id_lote_g0","""ID lote""","numeric",,,0,0,1,5,1.13881019830028,1,0.544075269178873,0,,
"g1","G1 Para el último periodo de producción de arroz, ¿usted hizo [LEER ACTIVIDAD]?","character",,,0,0,,,,,,,,
"g1_A","G1 Para el último periodo de producción de arroz, ¿usted hizo: Rastra","factor","(1) Sí, (2) No",2,0,0,,,,,,,,
"g1_B","G1 Para el último periodo de producción de arroz, ¿usted hizo: Rastrillo o Pulido","factor","(1) Sí, (2) No",2,0,0,,,,,,,,
"g1_C","G1 Para el último periodo de producción de arroz, ¿usted hizo: Caballoneo convencional","factor","(1) Sí, (2) No",2,0,0,,,,,,,,
"g1_D","G1 Para el último periodo de producción de arroz, ¿usted hizo: Caballoneada con taipa","factor","(1) Sí, (2) No",2,0,0,,,,,,,,
"g1_E","G1 Para el último periodo de producción de arroz, ¿usted hizo: Drenajes","factor","(1) Sí, (2) No",2,0,0,,,,,,,,
"g1_F","G1 Para el último periodo de producción de arroz, ¿usted hizo: Preabonamiento","factor","(1) Sí, (2) No",2,0,0,,,,,,,,
"g1_G","G1 Para el último periodo de producción de arroz, ¿usted hizo: Análisis de suelo","factor","(1) Sí, (2) No",2,0,0,,,,,,,,
"g1_H","G1 Para el último periodo de producción de arroz, ¿usted hizo: Cincelada con cincel vibratorio","factor","(1) Sí, (2) No",2,0,0,,,,,,,,
"g1_I","G1 Para el último periodo de producción de arroz, ¿usted hizo: Nivelada con Land Plane","factor","(1) Sí, (2) No",2,0,0,,,,,,,,
"g1_J","G1 Para el último periodo de producción de arroz, ¿usted hizo: Nivelación con láser","factor","(1) Sí, (2) No",2,0,0,,,,,,,,
"g1_K","G1 Para el último periodo de producción de arroz, ¿usted hizo: Fangueo","factor","(1) Sí, (2) No",2,0,0,,,,,,,,
"g1_L","G1 Para el último periodo de producción de arroz, ¿usted hizo: Machete o azadón","factor","(1) Sí, (2) No",2,0,0,,,,,,,,
"g1_M","G1 Para el último periodo de producción de arroz, ¿usted hizo: Quema","factor","(1) Sí, (2) No",2,0,0,,,,,,,,
"g1_N","G1 Para el último periodo de producción de arroz, ¿usted hizo: Arado de discos","factor","(1) Sí, (2) No",2,0,0,,,,,,,,
"g1_O","G1 Para el último periodo de producción de arroz, ¿usted hizo: Nivelación georeferenciada (RTK)","factor","(1) Sí, (2) No",2,0,0,,,,,,,,
"g1_P","G1 Para el último periodo de producción de arroz, ¿usted hizo: Otra, especifique","factor","(1) Sí, (2) No",2,0,0,,,,,,,,
"g1_1a","G1 Nombre otra actividad","character",,,0,0,,,,,,,,
"g1_1b","G1 Nombre otra actividad","character",,,0,0,,,,,,,,
"g1_x_1","G1x Numero de pases: Rastra","numeric",,,30,8.4985835694051,1,5,2.54179566563467,2,0.705316453609802,1,,
"g1_x_2","G1x Numero de pases: Rastrillo o Pulido","numeric",,,258,73.0878186968839,1,5,1.29473684210526,1,0.616677511682933,0,,
"g1_x_3","G1x Numero de pases: Caballoneo convencional","numeric",,,304,86.1189801699717,1,3,1.12244897959184,1,0.389050824723052,0,,
"g1_x_4","G1x Numero de pases: Caballoneada con taipa","numeric",,,188,53.2577903682719,1,5,1.04242424242424,1,0.355299858784976,0,,
"g1_x_5","G1x Numero de pases: Drenajes","numeric",,,352,99.7167138810198,3,3,3,3,,0,,
"g1_x_6","G1x Numero de pases: Preabonamiento","numeric",,,352,99.7167138810198,3,3,3,3,,0,,
"g1_x_7","G1x Numero de pases: Análisis de suelo","labelled",,,353,100,,,,,,,,
"g1_x_8","G1x Numero de pases: Cincelada con cincel vibratorio","numeric",,,343,97.1671388101983,1,1,1,1,0,0,,
"g1_x_9","G1x Numero de pases: Nivelada con Land Plane","numeric",,,247,69.971671388102,1,3,1.10377358490566,1,0.336062502208794,0,,
"g1_x_10","G1x Numero de pases: Nivelación con láser","numeric",,,282,79.8866855524079,0,6,1.32394366197183,1,1.10550115186764,0,,
"g1_x_11","G1x Numero de pases: Fangueo ","numeric",,,352,99.7167138810198,1,1,1,1,,0,,
"g1_x_12","G1x Numero de pases: Machete o azadón","labelled",,,353,100,,,,,,,,
"g1_x_13","G1x Numero de pases: Quema","numeric",,,205,58.0736543909348,1,6,1.99324324324324,2,0.714253538528844,0,,
"g1_x_14","G1x Numero de pases: Arado de discos","numeric",,,334,94.6175637393768,1,3,1.57894736842105,1,0.692482608982125,1,,
"g1_x_15","G1x Numero de pases: Nivelación georeferenciada (RTK)","numeric",,,345,97.7337110481586,0.78,2,1.0975,1,0.372702485713663,0,,
"g1_x_16","G1x Numero de pases: Otro","labelled",,,353,100,,,,,,,,
"g1_x_17","G1x Numero de pases","labelled",,,353,100,,,,,,,,
"g1_2","G1.2 ¿En general, la maquinaria para preparación del suelo fue propia o alquilad","numeric",,,1,0.28328611898017,1,3,1.86931818181818,2,0.440113415723514,0,,
"g2","G2 ¿Utilizó encalamiento  enmiendas en el lote principal en el último periodo de","numeric",,,1,0.28328611898017,1,2,1.99147727272727,2,0.0920552264902147,0,,
"g2_1","G2.1 ¿Qué utilizó?","numeric",,,350,99.1501416430595,1,3,1.66666666666667,1,1.15470053837925,1,,
"g2_1a","G2.1 Que otra cosa utilizó","character",,,0,0,,,,,,,,
"g2_2_c","G2.2 Cantidad total de [insumo G_2_1] por hectárea","numeric",,,350,99.1501416430595,0.79,15,5.93,2,7.8781152568365,7.105,,
"g2_2_u","G2.2 Unidad","numeric",,,350,99.1501416430595,2,99,34.3333333333333,2,56.0029761113937,48.5,,
"g2_2_ua","G2.2 Otra unidad","character",,,0,0,,,,,,,,
"g2_2_e","G2.2 Peso de los bultos","numeric",,,353,100,Inf,-Inf,,,,,,
"g2_3","G2.3 ¿Cuánto pagó por [unidad G_2_2_u]? ","numeric",,,349,98.8668555240793,0.79,5760000,1457500.1975,35000,2868383.55740363,1447499.8025,,
"g4","G4 ¿Cuál es el tipo de mano de obra utilizada para la preparación de suelo (incl","numeric",,,1,0.28328611898017,0,4,3.45170454545455,4,1.0717546617151,0,,
"g4_1","G4.1 Cantidad de mano de obra familiar de hombres usada en preparación de suelo:","numeric",,,340,96.3172804532578,1,20,5.30769230769231,5,5.17018077350969,4,,
"g4_2","G4.2 Cantidad de mano de obra familiar de mujeres usada en preparación de suelo:","numeric",,,340,96.3172804532578,0,6,0.461538461538462,0,1.66410058867569,0,,
"g4_3","G4.3 Cantidad de mano de obra contratada de hombres en preparación de suelo:","numeric",,,292,82.7195467422096,0.78,40,6.12754098360656,5,6.13902290155301,5,,
"g4_4","G4.4 Cantidad de mano de obra contratada de mujeres usada en preparación de suel","numeric",,,292,82.7195467422096,0,5,0.193114754098361,0,0.745357947529477,0,,
"g5","G5 ¿Cuánto pagó en TOTAL por hacer todas las actividades de preparación de suelo","numeric",,,5,1.41643059490085,0,54000000,2452504.02298851,850000,5076444.2597782,1850000,,
"g6_1","G6.1.  ¿Ha utilizado fertilizantes orgánicos en su cultivo de arroz  (en general","factor","(1) Sí, (2) No",2,0,0,,,,,,,,
"g6_2","G6.2.  ¿Cuáles abonos o fertilizantes orgánicos usted prefiere? ","character",,,0,0,,,,,,,,
"g6_2_A","G6.2 fertilizante preferido: Compost","factor","(1) Sí, (2) No",2,0,0,,,,,,,,
"g6_2_B","G6.2 fertilizante preferido: Abonos verdes","factor","(1) Sí, (2) No",2,0,0,,,,,,,,
"g6_2_C","G6.2 fertilizante preferido: Bocashi","factor","(1) Sí, (2) No",2,0,0,,,,,,,,
"g6_2_D","G6.2 fertilizante preferido: Humus de lombriz","factor","(1) Sí, (2) No",2,0,0,,,,,,,,
"g6_2_E","G6.2 fertilizante preferido: Estiércoles","factor","(1) Sí, (2) No",2,0,0,,,,,,,,
"g6_2_F","G6.2 fertilizante preferido: Bioabono","factor","(1) Sí, (2) No",2,0,0,,,,,,,,
"g6_2_G","G6.2 fertilizante preferido: Otro, especifique","factor","(1) Sí, (2) No",2,0,0,,,,,,,,
"g6_2a","G6.2 Otro abono o fertilizante preferido","character",,,333,94.3342776203966,,,,,,,,
"g6_3","G6.3.  Los abonos/fertilizantes orgánicos usted:   ","factor","(1) Los prepara en su finca, (2) Los compra, (3) prepara y compra",3,288,81.5864022662889,,,,,,,,
"g6_4","G6.4.  ¿Cuándo compra, dónde compra los fertilizantes orgánicos (principalmente)","factor","(1) Planta de aprovechamiento de residuos orgánicos (biofábrica), (2) Almacén agropecuario, (3) Otro (especifique)",3,290,82.1529745042493,,,,,,,,
"g6_4a","G6.4 Otro lugar donde compra los fertilizante organicos","character",,,0,0,,,,,,,,
"g6_5","G6.5.  ¿Los fertilizantes orgánicos que compra tienen registro ICA? ","factor","(1) Sí, (2) No, (3) No sabe/No responde",3,290,82.1529745042493,,,,,,,,
"g6_6","G6.6.  Indique las desventajas de los fertilizantes orgánicos:  ","character",,,0,0,,,,,,,,
"g6_6_A","G6.6 Desventaja fertilizant es organicos:No se encuentran al alcance o en su municipio","factor","(1) Sí, (2) No",2,0,0,,,,,,,,
"g6_6_B","G6.6 Desventaja fertilizantes organicos: No son eficientes para el control de plagas y enfermedades","factor","(1) Sí, (2) No",2,0,0,,,,,,,,
"g6_6_C","G6.6 Desventaja fertilizantes organicos: No dan garantía de rendimiento o productividad","factor","(1) Sí, (2) No",2,0,0,,,,,,,,
"g6_6_D","G6.6 Desventaja fertilizantes organicos: Son costosos","factor","(1) Sí, (2) No",2,0,0,,,,,,,,
"g6_6_E","G6.6 Desventaja fertilizant es organicos:Otro","factor","(1) Sí, (2) No",2,0,0,,,,,,,,
"g6_6_F","G6.6 Desventaja fertilizant es organicos:No conoce/no tiene informacion","factor","(1) Sí, (2) No",2,312,88.385269121813,,,,,,,,
"g6_6_G","G6.6 Desventaja fertilizant es organicos:No lo recomiendan los agronomos","factor","(1) Sí, (2) No",2,312,88.385269121813,,,,,,,,
"g6_6_H","G6.6 Desventaja fertilizant es organicos:El proceso es mas lento/complicado aplicarlos","factor","(1) Sí, (2) No",2,312,88.385269121813,,,,,,,,
"g6_6_0","G6.6 Desventaja fertilizant es organicos:Ninguna","factor","(1) Sí, (2) No",2,0,0,,,,,,,,
"g6_6a","G6.6 Otra desventaja de los fertilizantes orgánicos ","character",,,312,88.385269121813,,,,,,,,
"g7","G7 ¿Cuántas fertilizaciones (químicas u orgánicas) realizó en TOTAL durante el ú","numeric",,,2,0.56657223796034,1,9,4.42450142450142,4,1.1106616917718,1,,
"g7_a","G7a De estas [# G_7], ¿Cuántas fueron edáficas (suelo)?  (# eventos de fertiliza","numeric",,,2,0.56657223796034,0,6,3.80911680911681,4,0.926145354544964,1,,
"g7_b","G7b De estas [# G_7], ¿Cuántas fueron foliares (hojas)? (# eventos de fertilizac","numeric",,,2,0.56657223796034,0,4,0.612535612535613,0,0.88042983545351,1,,
"g15","G15 Tipo de mano de obra utilizada para aplicación de abonos y/o fertilizantes","factor","(1) Familiar, (2) Contratada, (3) Familiar y contratada, (4) No requirió mano de obra, (5) Contrato (por toda la actividad)",5,3,0.84985835694051,,,,,,,,
"g16_a","G16 Cantidad de mano de obra familiar de hombres usada para aplicación de abonos","numeric",,,334,94.6175637393768,0,20,5.63210526315789,4,5.80396663110418,5,,
"g16_b","G16 Cantidad de mano de obra familiar de mujeres usada para aplicación de abonos","numeric",,,334,94.6175637393768,0,6,0.315789473684211,0,1.37649440322337,0,,
"g17_a","G17 Cantidad de mano de obra contratada de hombres para aplicación de abonos y/o","numeric",,,302,85.5524079320113,1,60,9.31372549019608,6,10.8728840628022,7,,
"g17_b","G17 Cantidad de mano de obra contratada de mujeres usada para aplicación de abon","numeric",,,302,85.5524079320113,0,3,0.0588235294117647,0,0.420084025208403,0,,
"g18","G18 ¿Cuánto pagó en TOTAL por hacer todas las aplicaciones de abono y/o fertiliz","numeric",,,11,3.11614730878187,0,12000000,1094546.05847953,607200,1464907.57894817,1072500,,
"id_lote_g6_1"," ""ID lote""","numeric",,,2,0.56657223796034,1,5,1.13675213675214,1,0.543627754562932,0,,
"id_lote_g6_2"," ""ID lote""","numeric",,,9,2.54957507082153,1,5,1.13953488372093,1,0.548792274798674,0,,
"id_lote_g6_3"," ""ID lote""","numeric",,,17,4.81586402266289,1,5,1.13690476190476,1,0.545544725589981,0,,
"id_lote_g6_4","""ID lote""","numeric",,,55,15.5807365439093,1,5,1.14765100671141,1,0.572969568957938,0,,
"id_lote_g6_5"," ""ID lote""","numeric",,,218,61.7563739376771,1,5,1.28148148148148,1,0.78846016425984,0,,
"id_lote_g6_6"," ""ID lote""","numeric",,,320,90.6515580736544,1,3,1.18181818181818,1,0.464660188642293,0,,
"id_lote_g6_7"," ""ID lote""","numeric",,,337,95.4674220963173,1,2,1.25,1,0.447213595499958,0.25,,
"g8_1","G8 Para la [ID G_7_1] ¿A los cuántos días después de la emergencia/trasplante fe","numeric",,,2,0.56657223796034,1,45,16.4900284900285,15,6.6456677832179,8,,
"g8_2","G8 Para la [ID G_7_1] ¿A los cuántos días después de la emergencia/trasplante fe","numeric",,,14,3.96600566572238,1,60,30.330383480826,30,8.53655506265346,10,,
"g8_3","G8 Para la [ID G_7_1] ¿A los cuántos días después de la emergencia/trasplante fe","numeric",,,25,7.08215297450425,1,90,44.9420731707317,45,10.7282101744954,10,,
"g8_4","G8 Para la [ID G_7_1] ¿A los cuántos días después de la emergencia/trasplante fe","numeric",,,62,17.5637393767705,4,100,58.4501718213058,60,11.8775400174837,13,,
"g8_5","G8 Para la [ID G_7_1] ¿A los cuántos días después de la emergencia/trasplante fe","numeric",,,218,61.7563739376771,0,100,64.8718518518519,70,18.1973577377213,15,,
"g8_6","G8 Para la [ID G_7_1] ¿A los cuántos días después de la emergencia/trasplante fe","numeric",,,320,90.6515580736544,15,99,64.3939393939394,72,23.7328087701648,35,,
"g8_7","G8 Para la [ID G_7_1] ¿A los cuántos días después de la emergencia/trasplante fe","numeric",,,337,95.4674220963173,20,100,70.625,76.5,18.604210992855,16.25,,
"g7_1_1","ID de eventos de fertilización ","numeric",,,2,0.56657223796034,1,1,1,1,0,0,,
"g7_1_2","ID de eventos de fertilización ","numeric",,,9,2.54957507082153,2,2,2,2,0,0,,
"g7_1_3","ID de eventos de fertilización ","numeric",,,17,4.81586402266289,3,3,3,3,0,0,,
"g7_1_4","ID de eventos de fertilización ","numeric",,,55,15.5807365439093,4,4,4,4,0,0,,
"g7_1_5","ID de eventos de fertilización ","numeric",,,218,61.7563739376771,5,5,5,5,0,0,,
"g7_1_6","ID de eventos de fertilización ","numeric",,,320,90.6515580736544,6,6,6,6,0,0,,
"g7_1_7","ID de eventos de fertilización ","numeric",,,337,95.4674220963173,7,7,7,7,0,0,,
"g10_1_1","G10 ¿Qué productos utilizó para fertilizar/abonar el lote principal en el último","character",,,2,0.56657223796034,,,,,,,,
"g10_1_2","G10 ¿Qué productos utilizó para fertilizar/abonar el lote principal en el último","character",,,9,2.54957507082153,,,,,,,,
"g10_1_3","G10 ¿Qué productos utilizó para fertilizar/abonar el lote principal en el último","character",,,19,5.38243626062323,,,,,,,,
"g10_1_4","G10 ¿Qué productos utilizó para fertilizar/abonar el lote principal en el último","character",,,60,16.9971671388102,,,,,,,,
"g10_1_5","G10 ¿Qué productos utilizó para fertilizar/abonar el lote principal en el último","character",,,218,61.7563739376771,,,,,,,,
"g10_1_6","G10 ¿Qué productos utilizó para fertilizar/abonar el lote principal en el último","character",,,320,90.6515580736544,,,,,,,,
"g10_1_7","G10 ¿Qué productos utilizó para fertilizar/abonar el lote principal en el último","character",,,337,95.4674220963173,,,,,,,,
"g10_2_1","G10 ¿Qué productos utilizó para fertilizar/abonar el lote principal en el último","character",,,139,39.3767705382436,,,,,,,,
"g10_2_2","G10 ¿Qué productos utilizó para fertilizar/abonar el lote principal en el último","character",,,103,29.1784702549575,,,,,,,,
"g10_2_3","G10 ¿Qué productos utilizó para fertilizar/abonar el lote principal en el último","character",,,124,35.1274787535411,,,,,,,,
"g10_2_4","G10 ¿Qué productos utilizó para fertilizar/abonar el lote principal en el último","character",,,182,51.5580736543909,,,,,,,,
"g10_2_5","G10 ¿Qué productos utilizó para fertilizar/abonar el lote principal en el último","character",,,307,86.9688385269122,,,,,,,,
"g10_2_6","G10 ¿Qué productos utilizó para fertilizar/abonar el lote principal en el último","character",,,340,96.3172804532578,,,,,,,,
"g10_2_7","G10 ¿Qué productos utilizó para fertilizar/abonar el lote principal en el último","character",,,345,97.7337110481586,,,,,,,,
"g10_3_1","G10 ¿Qué productos utilizó para fertilizar/abonar el lote principal en el último","character",,,233,66.0056657223796,,,,,,,,
"g10_3_2","G10 ¿Qué productos utilizó para fertilizar/abonar el lote principal en el último","character",,,211,59.7733711048159,,,,,,,,
"g10_3_3","G10 ¿Qué productos utilizó para fertilizar/abonar el lote principal en el último","character",,,226,64.0226628895184,,,,,,,,
"g10_3_4","G10 ¿Qué productos utilizó para fertilizar/abonar el lote principal en el último","character",,,281,79.6033994334278,,,,,,,,
"g10_3_5","G10 ¿Qué productos utilizó para fertilizar/abonar el lote principal en el último","character",,,333,94.3342776203966,,,,,,,,
"g10_3_6","G10 ¿Qué productos utilizó para fertilizar/abonar el lote principal en el último","character",,,345,97.7337110481586,,,,,,,,
"g10_3_7","G10 ¿Qué productos utilizó para fertilizar/abonar el lote principal en el último","character",,,350,99.1501416430595,,,,,,,,
"g10_4_1","G10 ¿Qué productos utilizó para fertilizar/abonar el lote principal en el último","character",,,318,90.0849858356941,,,,,,,,
"g10_4_2","G10 ¿Qué productos utilizó para fertilizar/abonar el lote principal en el último","character",,,324,91.7847025495751,,,,,,,,
"g10_4_3","G10 ¿Qué productos utilizó para fertilizar/abonar el lote principal en el último","character",,,338,95.7507082152975,,,,,,,,
"g10_4_4","G10 ¿Qué productos utilizó para fertilizar/abonar el lote principal en el último","character",,,347,98.300283286119,,,,,,,,
"g10_4_5","G10 ¿Qué productos utilizó para fertilizar/abonar el lote principal en el último","character",,,349,98.8668555240793,,,,,,,,
"g10_4_6","G10 ¿Qué productos utilizó para fertilizar/abonar el lote principal en el último","character",,,349,98.8668555240793,,,,,,,,
"g10_4_7","G10 ¿Qué productos utilizó para fertilizar/abonar el lote principal en el último","character",,,352,99.7167138810198,,,,,,,,
"g10_5_1","G10 ¿Qué productos utilizó para fertilizar/abonar el lote principal en el último","character",,,340,96.3172804532578,,,,,,,,
"g10_5_2","G10 ¿Qué productos utilizó para fertilizar/abonar el lote principal en el último","character",,,350,99.1501416430595,,,,,,,,
"g10_5_3","G10 ¿Qué productos utilizó para fertilizar/abonar el lote principal en el último","character",,,350,99.1501416430595,,,,,,,,
"g10_5_4","G10 ¿Qué productos utilizó para fertilizar/abonar el lote principal en el último","character",,,352,99.7167138810198,,,,,,,,
"g10_5_5","G10 ¿Qué productos utilizó para fertilizar/abonar el lote principal en el último","character",,,352,99.7167138810198,,,,,,,,
"g10_5_6","G10 ¿Qué productos utilizó para fertilizar/abonar el lote principal en el último","character",,,351,99.4334277620397,,,,,,,,
"g10_5_7","G10 ¿Qué productos utilizó para fertilizar/abonar el lote principal en el último","character",,,352,99.7167138810198,,,,,,,,
"g10_c_1_1","G10 Nombre de insumo corregido","character",,,2,0.56657223796034,,,,,,,,
"g10_c_1_2","G10 Nombre de insumo corregido","character",,,9,2.54957507082153,,,,,,,,
"g10_c_1_3","G10 Nombre de insumo corregido","character",,,19,5.38243626062323,,,,,,,,
"g10_c_1_4","G10 Nombre de insumo corregido","character",,,60,16.9971671388102,,,,,,,,
"g10_c_1_5","G10 Nombre de insumo corregido","character",,,218,61.7563739376771,,,,,,,,
"g10_c_1_6","G10 Nombre de insumo corregido","character",,,320,90.6515580736544,,,,,,,,
"g10_c_1_7","G10 Nombre de insumo corregido","character",,,337,95.4674220963173,,,,,,,,
"g10_c_2_1","G10 Nombre de insumo corregido","character",,,139,39.3767705382436,,,,,,,,
"g10_c_2_2","G10 Nombre de insumo corregido","character",,,103,29.1784702549575,,,,,,,,
"g10_c_2_3","G10 Nombre de insumo corregido","character",,,124,35.1274787535411,,,,,,,,
"g10_c_2_4","G10 Nombre de insumo corregido","character",,,182,51.5580736543909,,,,,,,,
"g10_c_2_5","G10 Nombre de insumo corregido","character",,,307,86.9688385269122,,,,,,,,
"g10_c_2_6","G10 Nombre de insumo corregido","character",,,340,96.3172804532578,,,,,,,,
"g10_c_2_7","G10 Nombre de insumo corregido","character",,,345,97.7337110481586,,,,,,,,
"g10_c_3_1","G10 Nombre de insumo corregido","character",,,233,66.0056657223796,,,,,,,,
"g10_c_3_2","G10 Nombre de insumo corregido","character",,,211,59.7733711048159,,,,,,,,
"g10_c_3_3","G10 Nombre de insumo corregido","character",,,226,64.0226628895184,,,,,,,,
"g10_c_3_4","G10 Nombre de insumo corregido","character",,,281,79.6033994334278,,,,,,,,
"g10_c_3_5","G10 Nombre de insumo corregido","character",,,333,94.3342776203966,,,,,,,,
"g10_c_3_6","G10 Nombre de insumo corregido","character",,,345,97.7337110481586,,,,,,,,
"g10_c_3_7","G10 Nombre de insumo corregido","character",,,350,99.1501416430595,,,,,,,,
"g10_c_4_1","G10 Nombre de insumo corregido","character",,,318,90.0849858356941,,,,,,,,
"g10_c_4_2","G10 Nombre de insumo corregido","character",,,324,91.7847025495751,,,,,,,,
"g10_c_4_3","G10 Nombre de insumo corregido","character",,,338,95.7507082152975,,,,,,,,
"g10_c_4_4","G10 Nombre de insumo corregido","character",,,347,98.300283286119,,,,,,,,
"g10_c_4_5","G10 Nombre de insumo corregido","character",,,349,98.8668555240793,,,,,,,,
"g10_c_4_6","G10 Nombre de insumo corregido","character",,,349,98.8668555240793,,,,,,,,
"g10_c_4_7","G10 Nombre de insumo corregido","character",,,352,99.7167138810198,,,,,,,,
"g10_c_5_1","G10 Nombre de insumo corregido","character",,,340,96.3172804532578,,,,,,,,
"g10_c_5_2","G10 Nombre de insumo corregido","character",,,350,99.1501416430595,,,,,,,,
"g10_c_5_3","G10 Nombre de insumo corregido","character",,,350,99.1501416430595,,,,,,,,
"g10_c_5_4","G10 Nombre de insumo corregido","character",,,352,99.7167138810198,,,,,,,,
"g10_c_5_5","G10 Nombre de insumo corregido","character",,,352,99.7167138810198,,,,,,,,
"g10_c_5_6","G10 Nombre de insumo corregido","character",,,351,99.4334277620397,,,,,,,,
"g10_c_5_7","G10 Nombre de insumo corregido","character",,,352,99.7167138810198,,,,,,,,
"g9_1_1","ID del insumo","numeric",,,2,0.56657223796034,1,1,1,1,0,0,,
"g9_1_2","ID del insumo","numeric",,,9,2.54957507082153,1,1,1,1,0,0,,
"g9_1_3","ID del insumo","numeric",,,19,5.38243626062323,1,1,1,1,0,0,,
"g9_1_4","ID del insumo","numeric",,,58,16.4305949008499,1,1,1,1,0,0,,
"g9_1_5","ID del insumo","numeric",,,218,61.7563739376771,1,1,1,1,0,0,,
"g9_1_6","ID del insumo","numeric",,,320,90.6515580736544,1,1,1,1,0,0,,
"g9_1_7","ID del insumo","numeric",,,337,95.4674220963173,1,1,1,1,0,0,,
"g9_2_1","ID del insumo","numeric",,,136,38.5269121813031,2,2,2,2,0,0,,
"g9_2_2","ID del insumo","numeric",,,102,28.8951841359773,2,2,2,2,0,0,,
"g9_2_3","ID del insumo","numeric",,,123,34.8441926345609,2,2,2,2,0,0,,
"g9_2_4","ID del insumo","numeric",,,181,51.2747875354108,2,2,2,2,0,0,,
"g9_2_5","ID del insumo","numeric",,,307,86.9688385269122,2,2,2,2,0,0,,
"g9_2_6","ID del insumo","numeric",,,340,96.3172804532578,2,2,2,2,0,0,,
"g9_2_7","ID del insumo","numeric",,,345,97.7337110481586,2,2,2,2,0,0,,
"g9_3_1","ID del insumo","numeric",,,232,65.7223796033994,3,3,3,3,0,0,,
"g9_3_2","ID del insumo","numeric",,,210,59.4900849858357,3,3,3,3,0,0,,
"g9_3_3","ID del insumo","numeric",,,226,64.0226628895184,3,3,3,3,0,0,,
"g9_3_4","ID del insumo","numeric",,,280,79.3201133144476,3,3,3,3,0,0,,
"g9_3_5","ID del insumo","numeric",,,332,94.0509915014164,3,3,3,3,0,0,,
"g9_3_6","ID del insumo","numeric",,,345,97.7337110481586,3,3,3,3,0,0,,
"g9_3_7","ID del insumo","numeric",,,350,99.1501416430595,3,3,3,3,0,0,,
"g9_4_1","ID del insumo","numeric",,,317,89.8016997167139,4,4,4,4,0,0,,
"g9_4_2","ID del insumo","numeric",,,324,91.7847025495751,4,4,4,4,0,0,,
"g9_4_3","ID del insumo","numeric",,,338,95.7507082152975,4,4,4,4,0,0,,
"g9_4_4","ID del insumo","numeric",,,346,98.0169971671388,4,4,4,4,0,0,,
"g9_4_5","ID del insumo","numeric",,,349,98.8668555240793,4,4,4,4,0,0,,
"g9_4_6","ID del insumo","numeric",,,349,98.8668555240793,4,4,4,4,0,0,,
"g9_4_7","ID del insumo","numeric",,,352,99.7167138810198,4,4,4,4,,0,,
"g9_5_1","ID del insumo","numeric",,,341,96.600566572238,5,5,5,5,0,0,,
"g9_5_2","ID del insumo","numeric",,,350,99.1501416430595,5,5,5,5,0,0,,
"g9_5_3","ID del insumo","numeric",,,350,99.1501416430595,5,5,5,5,0,0,,
"g9_5_4","ID del insumo","numeric",,,352,99.7167138810198,5,5,5,5,,0,,
"g9_5_5","ID del insumo","numeric",,,352,99.7167138810198,5,5,5,5,,0,,
"g9_5_6","ID del insumo","numeric",,,351,99.4334277620397,5,5,5,5,0,0,,
"g9_5_7","ID del insumo","numeric",,,352,99.7167138810198,5,5,5,5,,0,,
"g11_1_1","G11 ¿Qué tipo de fertilizante era?","factor","(1) Fertilizante químico, (2) Fertilizante SIN productos químicos (ejemplo: abonos orgánicos y abonos verdes), (3) Biofertilizante, (4) Bioestimulante, (5) NS/NR, (6) Otro, especificar",6,2,0.56657223796034,,,,,,,,
"g11_1_2","G11 ¿Qué tipo de fertilizante era?","factor","(1) Fertilizante químico, (2) Fertilizante SIN productos químicos (ejemplo: abonos orgánicos y abonos verdes), (3) Biofertilizante, (4) Bioestimulante, (5) NS/NR, (6) Otro, especificar",6,9,2.54957507082153,,,,,,,,
"g11_1_3","G11 ¿Qué tipo de fertilizante era?","factor","(1) Fertilizante químico, (2) Fertilizante SIN productos químicos (ejemplo: abonos orgánicos y abonos verdes), (3) Biofertilizante, (4) Bioestimulante, (5) NS/NR, (6) Otro, especificar",6,19,5.38243626062323,,,,,,,,
"g11_1_4","G11 ¿Qué tipo de fertilizante era?","factor","(1) Fertilizante químico, (2) Fertilizante SIN productos químicos (ejemplo: abonos orgánicos y abonos verdes), (3) Biofertilizante, (4) Bioestimulante, (5) NS/NR, (6) Otro, especificar",6,58,16.4305949008499,,,,,,,,
"g11_1_5","G11 ¿Qué tipo de fertilizante era?","factor","(1) Fertilizante químico, (2) Fertilizante SIN productos químicos (ejemplo: abonos orgánicos y abonos verdes), (3) Biofertilizante, (4) Bioestimulante, (5) NS/NR, (6) Otro, especificar",6,218,61.7563739376771,,,,,,,,
"g11_1_6","G11 ¿Qué tipo de fertilizante era?","factor","(1) Fertilizante químico, (2) Fertilizante SIN productos químicos (ejemplo: abonos orgánicos y abonos verdes), (3) Biofertilizante, (4) Bioestimulante, (5) NS/NR, (6) Otro, especificar",6,320,90.6515580736544,,,,,,,,
"g11_1_7","G11 ¿Qué tipo de fertilizante era?","factor","(1) Fertilizante químico, (2) Fertilizante SIN productos químicos (ejemplo: abonos orgánicos y abonos verdes), (3) Biofertilizante, (4) Bioestimulante, (5) NS/NR, (6) Otro, especificar",6,337,95.4674220963173,,,,,,,,
"g11_2_1","G11 ¿Qué tipo de fertilizante era?","factor","(1) Fertilizante químico, (2) Fertilizante SIN productos químicos (ejemplo: abonos orgánicos y abonos verdes), (3) Biofertilizante, (4) Bioestimulante, (5) NS/NR, (6) Otro, especificar",6,136,38.5269121813031,,,,,,,,
"g11_2_2","G11 ¿Qué tipo de fertilizante era?","factor","(1) Fertilizante químico, (2) Fertilizante SIN productos químicos (ejemplo: abonos orgánicos y abonos verdes), (3) Biofertilizante, (4) Bioestimulante, (5) NS/NR, (6) Otro, especificar",6,102,28.8951841359773,,,,,,,,
"g11_2_3","G11 ¿Qué tipo de fertilizante era?","factor","(1) Fertilizante químico, (2) Fertilizante SIN productos químicos (ejemplo: abonos orgánicos y abonos verdes), (3) Biofertilizante, (4) Bioestimulante, (5) NS/NR, (6) Otro, especificar",6,123,34.8441926345609,,,,,,,,
"g11_2_4","G11 ¿Qué tipo de fertilizante era?","factor","(1) Fertilizante químico, (2) Fertilizante SIN productos químicos (ejemplo: abonos orgánicos y abonos verdes), (3) Biofertilizante, (4) Bioestimulante, (5) NS/NR, (6) Otro, especificar",6,181,51.2747875354108,,,,,,,,
"g11_2_5","G11 ¿Qué tipo de fertilizante era?","factor","(1) Fertilizante químico, (2) Fertilizante SIN productos químicos (ejemplo: abonos orgánicos y abonos verdes), (3) Biofertilizante, (4) Bioestimulante, (5) NS/NR, (6) Otro, especificar",6,307,86.9688385269122,,,,,,,,
"g11_2_6","G11 ¿Qué tipo de fertilizante era?","factor","(1) Fertilizante químico, (2) Fertilizante SIN productos químicos (ejemplo: abonos orgánicos y abonos verdes), (3) Biofertilizante, (4) Bioestimulante, (5) NS/NR, (6) Otro, especificar",6,340,96.3172804532578,,,,,,,,
"g11_2_7","G11 ¿Qué tipo de fertilizante era?","factor","(1) Fertilizante químico, (2) Fertilizante SIN productos químicos (ejemplo: abonos orgánicos y abonos verdes), (3) Biofertilizante, (4) Bioestimulante, (5) NS/NR, (6) Otro, especificar",6,345,97.7337110481586,,,,,,,,
"g11_3_1","G11 ¿Qué tipo de fertilizante era?","factor","(1) Fertilizante químico, (2) Fertilizante SIN productos químicos (ejemplo: abonos orgánicos y abonos verdes), (3) Biofertilizante, (4) Bioestimulante, (5) NS/NR, (6) Otro, especificar",6,231,65.4390934844193,,,,,,,,
"g11_3_2","G11 ¿Qué tipo de fertilizante era?","factor","(1) Fertilizante químico, (2) Fertilizante SIN productos químicos (ejemplo: abonos orgánicos y abonos verdes), (3) Biofertilizante, (4) Bioestimulante, (5) NS/NR, (6) Otro, especificar",6,210,59.4900849858357,,,,,,,,
"g11_3_3","G11 ¿Qué tipo de fertilizante era?","factor","(1) Fertilizante químico, (2) Fertilizante SIN productos químicos (ejemplo: abonos orgánicos y abonos verdes), (3) Biofertilizante, (4) Bioestimulante, (5) NS/NR, (6) Otro, especificar",6,226,64.0226628895184,,,,,,,,
"g11_3_4","G11 ¿Qué tipo de fertilizante era?","factor","(1) Fertilizante químico, (2) Fertilizante SIN productos químicos (ejemplo: abonos orgánicos y abonos verdes), (3) Biofertilizante, (4) Bioestimulante, (5) NS/NR, (6) Otro, especificar",6,280,79.3201133144476,,,,,,,,
"g11_3_5","G11 ¿Qué tipo de fertilizante era?","factor","(1) Fertilizante químico, (2) Fertilizante SIN productos químicos (ejemplo: abonos orgánicos y abonos verdes), (3) Biofertilizante, (4) Bioestimulante, (5) NS/NR, (6) Otro, especificar",6,332,94.0509915014164,,,,,,,,
"g11_3_6","G11 ¿Qué tipo de fertilizante era?","factor","(1) Fertilizante químico, (2) Fertilizante SIN productos químicos (ejemplo: abonos orgánicos y abonos verdes), (3) Biofertilizante, (4) Bioestimulante, (5) NS/NR, (6) Otro, especificar",6,345,97.7337110481586,,,,,,,,
"g11_3_7","G11 ¿Qué tipo de fertilizante era?","factor","(1) Fertilizante químico, (2) Fertilizante SIN productos químicos (ejemplo: abonos orgánicos y abonos verdes), (3) Biofertilizante, (4) Bioestimulante, (5) NS/NR, (6) Otro, especificar",6,350,99.1501416430595,,,,,,,,
"g11_4_1","G11 ¿Qué tipo de fertilizante era?","factor","(1) Fertilizante químico, (2) Fertilizante SIN productos químicos (ejemplo: abonos orgánicos y abonos verdes), (3) Biofertilizante, (4) Bioestimulante, (5) NS/NR, (6) Otro, especificar",6,317,89.8016997167139,,,,,,,,
"g11_4_2","G11 ¿Qué tipo de fertilizante era?","factor","(1) Fertilizante químico, (2) Fertilizante SIN productos químicos (ejemplo: abonos orgánicos y abonos verdes), (3) Biofertilizante, (4) Bioestimulante, (5) NS/NR, (6) Otro, especificar",6,324,91.7847025495751,,,,,,,,
"g11_4_3","G11 ¿Qué tipo de fertilizante era?","factor","(1) Fertilizante químico, (2) Fertilizante SIN productos químicos (ejemplo: abonos orgánicos y abonos verdes), (3) Biofertilizante, (4) Bioestimulante, (5) NS/NR, (6) Otro, especificar",6,338,95.7507082152975,,,,,,,,
"g11_4_4","G11 ¿Qué tipo de fertilizante era?","factor","(1) Fertilizante químico, (2) Fertilizante SIN productos químicos (ejemplo: abonos orgánicos y abonos verdes), (3) Biofertilizante, (4) Bioestimulante, (5) NS/NR, (6) Otro, especificar",6,346,98.0169971671388,,,,,,,,
"g11_4_5","G11 ¿Qué tipo de fertilizante era?","factor","(1) Fertilizante químico, (2) Fertilizante SIN productos químicos (ejemplo: abonos orgánicos y abonos verdes), (3) Biofertilizante, (4) Bioestimulante, (5) NS/NR, (6) Otro, especificar",6,349,98.8668555240793,,,,,,,,
"g11_4_6","G11 ¿Qué tipo de fertilizante era?","factor","(1) Fertilizante químico, (2) Fertilizante SIN productos químicos (ejemplo: abonos orgánicos y abonos verdes), (3) Biofertilizante, (4) Bioestimulante, (5) NS/NR, (6) Otro, especificar",6,349,98.8668555240793,,,,,,,,
"g11_4_7","G11 ¿Qué tipo de fertilizante era?","factor","(1) Fertilizante químico, (2) Fertilizante SIN productos químicos (ejemplo: abonos orgánicos y abonos verdes), (3) Biofertilizante, (4) Bioestimulante, (5) NS/NR, (6) Otro, especificar",6,352,99.7167138810198,,,,,,,,
"g11_5_1","G11 ¿Qué tipo de fertilizante era?","factor","(1) Fertilizante químico, (2) Fertilizante SIN productos químicos (ejemplo: abonos orgánicos y abonos verdes), (3) Biofertilizante, (4) Bioestimulante, (5) NS/NR, (6) Otro, especificar",6,340,96.3172804532578,,,,,,,,
"g11_5_2","G11 ¿Qué tipo de fertilizante era?","factor","(1) Fertilizante químico, (2) Fertilizante SIN productos químicos (ejemplo: abonos orgánicos y abonos verdes), (3) Biofertilizante, (4) Bioestimulante, (5) NS/NR, (6) Otro, especificar",6,350,99.1501416430595,,,,,,,,
"g11_5_3","G11 ¿Qué tipo de fertilizante era?","factor","(1) Fertilizante químico, (2) Fertilizante SIN productos químicos (ejemplo: abonos orgánicos y abonos verdes), (3) Biofertilizante, (4) Bioestimulante, (5) NS/NR, (6) Otro, especificar",6,350,99.1501416430595,,,,,,,,
"g11_5_4","G11 ¿Qué tipo de fertilizante era?","factor","(1) Fertilizante químico, (2) Fertilizante SIN productos químicos (ejemplo: abonos orgánicos y abonos verdes), (3) Biofertilizante, (4) Bioestimulante, (5) NS/NR, (6) Otro, especificar",6,352,99.7167138810198,,,,,,,,
"g11_5_5","G11 ¿Qué tipo de fertilizante era?","factor","(1) Fertilizante químico, (2) Fertilizante SIN productos químicos (ejemplo: abonos orgánicos y abonos verdes), (3) Biofertilizante, (4) Bioestimulante, (5) NS/NR, (6) Otro, especificar",6,352,99.7167138810198,,,,,,,,
"g11_5_6","G11 ¿Qué tipo de fertilizante era?","factor","(1) Fertilizante químico, (2) Fertilizante SIN productos químicos (ejemplo: abonos orgánicos y abonos verdes), (3) Biofertilizante, (4) Bioestimulante, (5) NS/NR, (6) Otro, especificar",6,351,99.4334277620397,,,,,,,,
"g11_5_7","G11 ¿Qué tipo de fertilizante era?","factor","(1) Fertilizante químico, (2) Fertilizante SIN productos químicos (ejemplo: abonos orgánicos y abonos verdes), (3) Biofertilizante, (4) Bioestimulante, (5) NS/NR, (6) Otro, especificar",6,352,99.7167138810198,,,,,,,,
"g11a_1_1","G11 Otro tipo de fertilizante","character",,,353,100,,,,,,,,
"g11a_1_2","G11 Otro tipo de fertilizante","character",,,353,100,,,,,,,,
"g11a_1_3","G11 Otro tipo de fertilizante","character",,,353,100,,,,,,,,
"g11a_1_4","G11 Otro tipo de fertilizante","character",,,353,100,,,,,,,,
"g11a_1_5","G11 Otro tipo de fertilizante","character",,,352,99.7167138810198,,,,,,,,
"g11a_1_6","G11 Otro tipo de fertilizante","character",,,353,100,,,,,,,,
"g11a_1_7","G11 Otro tipo de fertilizante","character",,,353,100,,,,,,,,
"g11a_2_1","G11 Otro tipo de fertilizante","character",,,352,99.7167138810198,,,,,,,,
"g11a_2_2","G11 Otro tipo de fertilizante","character",,,353,100,,,,,,,,
"g11a_2_3","G11 Otro tipo de fertilizante","character",,,353,100,,,,,,,,
"g11a_2_4","G11 Otro tipo de fertilizante","character",,,353,100,,,,,,,,
"g11a_2_5","G11 Otro tipo de fertilizante","character",,,352,99.7167138810198,,,,,,,,
"g11a_2_6","G11 Otro tipo de fertilizante","character",,,353,100,,,,,,,,
"g11a_2_7","G11 Otro tipo de fertilizante","character",,,353,100,,,,,,,,
"g11a_3_1","G11 Otro tipo de fertilizante","character",,,353,100,,,,,,,,
"g11a_3_2","G11 Otro tipo de fertilizante","character",,,353,100,,,,,,,,
"g11a_3_3","G11 Otro tipo de fertilizante","character",,,353,100,,,,,,,,
"g11a_3_4","G11 Otro tipo de fertilizante","character",,,353,100,,,,,,,,
"g11a_3_5","G11 Otro tipo de fertilizante","character",,,353,100,,,,,,,,
"g11a_3_6","G11 Otro tipo de fertilizante","character",,,353,100,,,,,,,,
"g11a_3_7","G11 Otro tipo de fertilizante","character",,,353,100,,,,,,,,
"g11a_4_1","G11 Otro tipo de fertilizante","character",,,353,100,,,,,,,,
"g11a_4_2","G11 Otro tipo de fertilizante","character",,,353,100,,,,,,,,
"g11a_4_3","G11 Otro tipo de fertilizante","character",,,353,100,,,,,,,,
"g11a_4_4","G11 Otro tipo de fertilizante","character",,,353,100,,,,,,,,
"g11a_4_5","G11 Otro tipo de fertilizante","character",,,353,100,,,,,,,,
"g11a_4_6","G11 Otro tipo de fertilizante","character",,,353,100,,,,,,,,
"g11a_4_7","G11 Otro tipo de fertilizante","character",,,353,100,,,,,,,,
"g11a_5_1","G11 Otro tipo de fertilizante","character",,,353,100,,,,,,,,
"g11a_5_2","G11 Otro tipo de fertilizante","character",,,353,100,,,,,,,,
"g11a_5_3","G11 Otro tipo de fertilizante","character",,,353,100,,,,,,,,
"g11a_5_4","G11 Otro tipo de fertilizante","character",,,353,100,,,,,,,,
"g11a_5_5","G11 Otro tipo de fertilizante","character",,,353,100,,,,,,,,
"g11a_5_6","G11 Otro tipo de fertilizante","character",,,353,100,,,,,,,,
"g11a_5_7","G11 Otro tipo de fertilizante","character",,,353,100,,,,,,,,
"g12_c_1_1"," ""G12 Cantidad total por hectárea  del insumo [nombre G_10]   ""","numeric",,,2,0.56657223796034,0.5,2500,12.0987416904084,3,134.547572640209,2,,
"g12_c_1_2"," ""G12 Cantidad total por hectárea  del insumo [nombre G_10]   ""","numeric",,,9,2.54957507082153,0.4,120,3.56072189922481,2,9.67721326266586,1.5,,
"g12_c_1_3"," ""G12 Cantidad total por hectárea  del insumo [nombre G_10]   ""","numeric",,,19,5.38243626062323,0,100,3.06667948912302,2,7.75644826654959,1.5,,
"g12_c_1_4"," ""G12 Cantidad total por hectárea  del insumo [nombre G_10]   ""","numeric",,,59,16.71388101983,0.5,200,3.57531179138322,2,13.0818172330525,1.5,,
"g12_c_1_5"," ""G12 Cantidad total por hectárea  del insumo [nombre G_10]   ""","numeric",,,221,62.6062322946176,0,500,8.87557162534435,2,46.3915126315371,2,,
"g12_c_1_6"," ""G12 Cantidad total por hectárea  del insumo [nombre G_10]   ""","numeric",,,322,91.2181303116147,0.4,800,30.1838709677419,1,143.969441426006,0,,
"g12_c_1_7"," ""G12 Cantidad total por hectárea  del insumo [nombre G_10]   ""","numeric",,,338,95.7507082152975,0.5,150,15.1333333333333,1.5,40.259633570589,1,,
"g12_c_2_1"," ""G12 Cantidad total por hectárea  del insumo [nombre G_10]   ""","numeric",,,135,38.2436260623229,0.25,200,3.75670871559633,1,16.7970011305718,1,,
"g12_c_2_2"," ""G12 Cantidad total por hectárea  del insumo [nombre G_10]   ""","numeric",,,102,28.8951841359773,0.3125,150,3.6077390438247,1,13.0617434553213,1,,
"g12_c_2_3"," ""G12 Cantidad total por hectárea  del insumo [nombre G_10]   ""","numeric",,,124,35.1274787535411,0.3,100,2.5511185757474,1,8.12996825921854,1,,
"g12_c_2_4"," ""G12 Cantidad total por hectárea  del insumo [nombre G_10]   ""","numeric",,,182,51.5580736543909,0,50,2.03257669026367,1,4.47290420921355,1,,
"g12_c_2_5"," ""G12 Cantidad total por hectárea  del insumo [nombre G_10]   ""","numeric",,,310,87.8186968838527,1,300,9.48837209302326,1,45.9648530805375,1,,
"g12_c_2_6"," ""G12 Cantidad total por hectárea  del insumo [nombre G_10]   ""","numeric",,,342,96.8838526912181,0.2,1,0.609090909090909,0.5,0.323123955950485,0.6,,
"g12_c_2_7"," ""G12 Cantidad total por hectárea  del insumo [nombre G_10]   ""","numeric",,,345,97.7337110481586,0.5,100,13.3125,1,35.0274764598145,0,,
"g12_c_3_1"," ""G12 Cantidad total por hectárea  del insumo [nombre G_10]   ""","numeric",,,232,65.7223796033994,0.3125,200,4.72572314049587,1,20.0441429709893,1,,
"g12_c_3_2"," ""G12 Cantidad total por hectárea  del insumo [nombre G_10]   ""","numeric",,,210,59.4900849858357,0,200,4.48176573426573,1,20.6459539756876,0,,
"g12_c_3_3"," ""G12 Cantidad total por hectárea  del insumo [nombre G_10]   ""","numeric",,,227,64.3059490084986,0.25,500,5.8576455026455,1,44.6698232199421,0,,
"g12_c_3_4"," ""G12 Cantidad total por hectárea  del insumo [nombre G_10]   ""","numeric",,,282,79.8866855524079,0.05,50,2.33276453593355,1,6.47306922792554,0,,
"g12_c_3_5"," ""G12 Cantidad total por hectárea  del insumo [nombre G_10]   ""","numeric",,,334,94.6175637393768,0,20,2.26315789473684,1,4.44212293170179,0.75,,
"g12_c_3_6"," ""G12 Cantidad total por hectárea  del insumo [nombre G_10]   ""","numeric",,,347,98.300283286119,0.25,300,50.5416666666667,0.75,122.209493971077,0.5,,
"g12_c_3_7"," ""G12 Cantidad total por hectárea  del insumo [nombre G_10]   ""","numeric",,,350,99.1501416430595,1,500,167.333333333333,1,288.097784325623,249.5,,
"g12_c_4_1"," ""G12 Cantidad total por hectárea  del insumo [nombre G_10]   ""","numeric",,,317,89.8016997167139,0.2,20,2.29027777777778,1,4.42482960841342,0.625,,
"g12_c_4_2"," ""G12 Cantidad total por hectárea  del insumo [nombre G_10]   ""","numeric",,,324,91.7847025495751,0.25,200,11.8940053050398,1,37.0768944202042,2.84615384615385,,
"g12_c_4_3"," ""G12 Cantidad total por hectárea  del insumo [nombre G_10]   ""","numeric",,,339,96.0339943342776,0.25,25,2.625,1,6.45304787856691,0.375,,
"g12_c_4_4"," ""G12 Cantidad total por hectárea  del insumo [nombre G_10]   ""","numeric",,,347,98.300283286119,0.5,5,1.75,1,1.66583312489577,0.75,,
"g12_c_4_5"," ""G12 Cantidad total por hectárea  del insumo [nombre G_10]   ""","numeric",,,349,98.8668555240793,0.25,200,50.5625,1,99.6256273505969,49.9375,,
"g12_c_4_6"," ""G12 Cantidad total por hectárea  del insumo [nombre G_10]   ""","numeric",,,351,99.4334277620397,2,20,11,11,12.7279220613579,9,,
"g12_c_4_7"," ""G12 Cantidad total por hectárea  del insumo [nombre G_10]   ""","numeric",,,353,100,Inf,-Inf,,,,,,
"g12_c_5_1"," ""G12 Cantidad total por hectárea  del insumo [nombre G_10]   ""","numeric",,,340,96.3172804532578,0.3125,20,3.25480769230769,1,5.63381609693665,0.5,,
"g12_c_5_2"," ""G12 Cantidad total por hectárea  del insumo [nombre G_10]   ""","numeric",,,350,99.1501416430595,0.3125,2,1.10416666666667,1,0.848558827267346,0.84375,,
"g12_c_5_3"," ""G12 Cantidad total por hectárea  del insumo [nombre G_10]   ""","numeric",,,350,99.1501416430595,1,2,1.33333333333333,1,0.577350269189626,0.5,,
"g12_c_5_4"," ""G12 Cantidad total por hectárea  del insumo [nombre G_10]   ""","numeric",,,352,99.7167138810198,2,2,2,2,,0,,
"g12_c_5_5"," ""G12 Cantidad total por hectárea  del insumo [nombre G_10]   ""","numeric",,,352,99.7167138810198,1,1,1,1,,0,,
"g12_c_5_6"," ""G12 Cantidad total por hectárea  del insumo [nombre G_10]   ""","numeric",,,352,99.7167138810198,150,150,150,150,,0,,
"g12_c_5_7"," ""G12 Cantidad total por hectárea  del insumo [nombre G_10]   ""","numeric",,,352,99.7167138810198,150,150,150,150,,0,,
"g12_u_1_1"," ""G12 Unidad""","factor","(1) Kilos, (2) Libras, (3) Gramos, (4) Litros, (5) Bultos, (6) Toneladas, (7) Otro, especificar",7,2,0.56657223796034,,,,,,,,
"g12_u_1_2"," ""G12 Unidad""","factor","(1) Kilos, (2) Libras, (3) Gramos, (4) Litros, (5) Bultos, (6) Toneladas, (7) Otro, especificar",7,9,2.54957507082153,,,,,,,,
"g12_u_1_3"," ""G12 Unidad""","factor","(1) Kilos, (2) Libras, (3) Gramos, (4) Litros, (5) Bultos, (6) Toneladas, (7) Otro, especificar",7,19,5.38243626062323,,,,,,,,
"g12_u_1_4"," ""G12 Unidad""","factor","(1) Kilos, (2) Libras, (3) Gramos, (4) Litros, (5) Bultos, (6) Toneladas, (7) Otro, especificar",7,58,16.4305949008499,,,,,,,,
"g12_u_1_5"," ""G12 Unidad""","factor","(1) Kilos, (2) Libras, (3) Gramos, (4) Litros, (5) Bultos, (6) Toneladas, (7) Otro, especificar",7,218,61.7563739376771,,,,,,,,
"g12_u_1_6"," ""G12 Unidad""","factor","(1) Kilos, (2) Libras, (3) Gramos, (4) Litros, (5) Bultos, (6) Toneladas, (7) Otro, especificar",7,320,90.6515580736544,,,,,,,,
"g12_u_1_7"," ""G12 Unidad""","factor","(1) Kilos, (2) Libras, (3) Gramos, (4) Litros, (5) Bultos, (6) Toneladas, (7) Otro, especificar",7,337,95.4674220963173,,,,,,,,
"g12_u_2_1"," ""G12 Unidad""","factor","(1) Kilos, (2) Libras, (3) Gramos, (4) Litros, (5) Bultos, (6) Toneladas, (7) Otro, especificar",7,135,38.2436260623229,,,,,,,,
"g12_u_2_2"," ""G12 Unidad""","factor","(1) Kilos, (2) Libras, (3) Gramos, (4) Litros, (5) Bultos, (6) Toneladas, (7) Otro, especificar",7,102,28.8951841359773,,,,,,,,
"g12_u_2_3"," ""G12 Unidad""","factor","(1) Kilos, (2) Libras, (3) Gramos, (4) Litros, (5) Bultos, (6) Toneladas, (7) Otro, especificar",7,123,34.8441926345609,,,,,,,,
"g12_u_2_4"," ""G12 Unidad""","factor","(1) Kilos, (2) Libras, (3) Gramos, (4) Litros, (5) Bultos, (6) Toneladas, (7) Otro, especificar",7,181,51.2747875354108,,,,,,,,
"g12_u_2_5"," ""G12 Unidad""","factor","(1) Kilos, (2) Libras, (3) Gramos, (4) Litros, (5) Bultos, (6) Toneladas, (7) Otro, especificar",7,307,86.9688385269122,,,,,,,,
"g12_u_2_6"," ""G12 Unidad""","factor","(1) Kilos, (2) Libras, (3) Gramos, (4) Litros, (5) Bultos, (6) Toneladas, (7) Otro, especificar",7,340,96.3172804532578,,,,,,,,
"g12_u_2_7"," ""G12 Unidad""","factor","(1) Kilos, (2) Libras, (3) Gramos, (4) Litros, (5) Bultos, (6) Toneladas, (7) Otro, especificar",7,345,97.7337110481586,,,,,,,,
"g12_u_3_1"," ""G12 Unidad""","factor","(1) Kilos, (2) Libras, (3) Gramos, (4) Litros, (5) Bultos, (6) Toneladas, (7) Otro, especificar",7,231,65.4390934844193,,,,,,,,
"g12_u_3_2"," ""G12 Unidad""","factor","(1) Kilos, (2) Libras, (3) Gramos, (4) Litros, (5) Bultos, (6) Toneladas, (7) Otro, especificar",7,210,59.4900849858357,,,,,,,,
"g12_u_3_3"," ""G12 Unidad""","factor","(1) Kilos, (2) Libras, (3) Gramos, (4) Litros, (5) Bultos, (6) Toneladas, (7) Otro, especificar",7,226,64.0226628895184,,,,,,,,
"g12_u_3_4"," ""G12 Unidad""","factor","(1) Kilos, (2) Libras, (3) Gramos, (4) Litros, (5) Bultos, (6) Toneladas, (7) Otro, especificar",7,280,79.3201133144476,,,,,,,,
"g12_u_3_5"," ""G12 Unidad""","factor","(1) Kilos, (2) Libras, (3) Gramos, (4) Litros, (5) Bultos, (6) Toneladas, (7) Otro, especificar",7,332,94.0509915014164,,,,,,,,
"g12_u_3_6"," ""G12 Unidad""","factor","(1) Kilos, (2) Libras, (3) Gramos, (4) Litros, (5) Bultos, (6) Toneladas, (7) Otro, especificar",7,345,97.7337110481586,,,,,,,,
"g12_u_3_7"," ""G12 Unidad""","factor","(1) Kilos, (2) Libras, (3) Gramos, (4) Litros, (5) Bultos, (6) Toneladas, (7) Otro, especificar",7,350,99.1501416430595,,,,,,,,
"g12_u_4_1"," ""G12 Unidad""","factor","(1) Kilos, (2) Libras, (3) Gramos, (4) Litros, (5) Bultos, (6) Toneladas, (7) Otro, especificar",7,317,89.8016997167139,,,,,,,,
"g12_u_4_2"," ""G12 Unidad""","factor","(1) Kilos, (2) Libras, (3) Gramos, (4) Litros, (5) Bultos, (6) Toneladas, (7) Otro, especificar",7,324,91.7847025495751,,,,,,,,
"g12_u_4_3"," ""G12 Unidad""","factor","(1) Kilos, (2) Libras, (3) Gramos, (4) Litros, (5) Bultos, (6) Toneladas, (7) Otro, especificar",7,338,95.7507082152975,,,,,,,,
"g12_u_4_4"," ""G12 Unidad""","factor","(1) Kilos, (2) Libras, (3) Gramos, (4) Litros, (5) Bultos, (6) Toneladas, (7) Otro, especificar",7,346,98.0169971671388,,,,,,,,
"g12_u_4_5"," ""G12 Unidad""","factor","(1) Kilos, (2) Libras, (3) Gramos, (4) Litros, (5) Bultos, (6) Toneladas, (7) Otro, especificar",7,349,98.8668555240793,,,,,,,,
"g12_u_4_6"," ""G12 Unidad""","factor","(1) Kilos, (2) Libras, (3) Gramos, (4) Litros, (5) Bultos, (6) Toneladas, (7) Otro, especificar",7,349,98.8668555240793,,,,,,,,
"g12_u_4_7"," ""G12 Unidad""","factor","(1) Kilos, (2) Libras, (3) Gramos, (4) Litros, (5) Bultos, (6) Toneladas, (7) Otro, especificar",7,352,99.7167138810198,,,,,,,,
"g12_u_5_1"," ""G12 Unidad""","factor","(1) Kilos, (2) Libras, (3) Gramos, (4) Litros, (5) Bultos, (6) Toneladas, (7) Otro, especificar",7,340,96.3172804532578,,,,,,,,
"g12_u_5_2"," ""G12 Unidad""","factor","(1) Kilos, (2) Libras, (3) Gramos, (4) Litros, (5) Bultos, (6) Toneladas, (7) Otro, especificar",7,350,99.1501416430595,,,,,,,,
"g12_u_5_3"," ""G12 Unidad""","factor","(1) Kilos, (2) Libras, (3) Gramos, (4) Litros, (5) Bultos, (6) Toneladas, (7) Otro, especificar",7,350,99.1501416430595,,,,,,,,
"g12_u_5_4"," ""G12 Unidad""","factor","(1) Kilos, (2) Libras, (3) Gramos, (4) Litros, (5) Bultos, (6) Toneladas, (7) Otro, especificar",7,352,99.7167138810198,,,,,,,,
"g12_u_5_5"," ""G12 Unidad""","factor","(1) Kilos, (2) Libras, (3) Gramos, (4) Litros, (5) Bultos, (6) Toneladas, (7) Otro, especificar",7,352,99.7167138810198,,,,,,,,
"g12_u_5_6"," ""G12 Unidad""","factor","(1) Kilos, (2) Libras, (3) Gramos, (4) Litros, (5) Bultos, (6) Toneladas, (7) Otro, especificar",7,351,99.4334277620397,,,,,,,,
"g12_u_5_7"," ""G12 Unidad""","factor","(1) Kilos, (2) Libras, (3) Gramos, (4) Litros, (5) Bultos, (6) Toneladas, (7) Otro, especificar",7,352,99.7167138810198,,,,,,,,
"g12_ua_1_1"," ""G12 Otra unidad""","character",,,351,99.4334277620397,,,,,,,,
"g12_ua_1_2"," ""G12 Otra unidad""","character",,,352,99.7167138810198,,,,,,,,
"g12_ua_1_3"," ""G12 Otra unidad""","character",,,350,99.1501416430595,,,,,,,,
"g12_ua_1_4"," ""G12 Otra unidad""","character",,,352,99.7167138810198,,,,,,,,
"g12_ua_1_5"," ""G12 Otra unidad""","character",,,349,98.8668555240793,,,,,,,,
"g12_ua_1_6"," ""G12 Otra unidad""","character",,,351,99.4334277620397,,,,,,,,
"g12_ua_1_7"," ""G12 Otra unidad""","character",,,352,99.7167138810198,,,,,,,,
"g12_ua_2_1"," ""G12 Otra unidad""","character",,,351,99.4334277620397,,,,,,,,
"g12_ua_2_2"," ""G12 Otra unidad""","character",,,351,99.4334277620397,,,,,,,,
"g12_ua_2_3"," ""G12 Otra unidad""","character",,,350,99.1501416430595,,,,,,,,
"g12_ua_2_4"," ""G12 Otra unidad""","character",,,352,99.7167138810198,,,,,,,,
"g12_ua_2_5"," ""G12 Otra unidad""","character",,,351,99.4334277620397,,,,,,,,
"g12_ua_2_6"," ""G12 Otra unidad""","character",,,352,99.7167138810198,,,,,,,,
"g12_ua_2_7"," ""G12 Otra unidad""","character",,,353,100,,,,,,,,
"g12_ua_3_1"," ""G12 Otra unidad""","character",,,349,98.8668555240793,,,,,,,,
"g12_ua_3_2"," ""G12 Otra unidad""","character",,,352,99.7167138810198,,,,,,,,
"g12_ua_3_3"," ""G12 Otra unidad""","character",,,351,99.4334277620397,,,,,,,,
"g12_ua_3_4"," ""G12 Otra unidad""","character",,,352,99.7167138810198,,,,,,,,
"g12_ua_3_5"," ""G12 Otra unidad""","character",,,350,99.1501416430595,,,,,,,,
"g12_ua_3_6"," ""G12 Otra unidad""","character",,,352,99.7167138810198,,,,,,,,
"g12_ua_3_7"," ""G12 Otra unidad""","character",,,353,100,,,,,,,,
"g12_ua_4_1","""G12 Otra unidad""","character",,,353,100,,,,,,,,
"g12_ua_4_2"," ""G12 Otra unidad""","character",,,352,99.7167138810198,,,,,,,,
"g12_ua_4_3"," ""G12 Otra unidad""","character",,,353,100,,,,,,,,
"g12_ua_4_4"," ""G12 Otra unidad""","character",,,353,100,,,,,,,,
"g12_ua_4_5"," ""G12 Otra unidad""","character",,,351,99.4334277620397,,,,,,,,
"g12_ua_4_6"," ""G12 Otra unidad""","character",,,352,99.7167138810198,,,,,,,,
"g12_ua_4_7"," ""G12 Otra unidad""","character",,,353,100,,,,,,,,
"g12_ua_5_1"," ""G12 Otra unidad""","character",,,353,100,,,,,,,,
"g12_ua_5_2"," ""G12 Otra unidad""","character",,,353,100,,,,,,,,
"g12_ua_5_3"," ""G12 Otra unidad""","character",,,353,100,,,,,,,,
"g12_ua_5_4"," ""G12 Otra unidad""","character",,,353,100,,,,,,,,
"g12_ua_5_5"," ""G12 Otra unidad""","character",,,353,100,,,,,,,,
"g12_ua_5_6"," ""G12 Otra unidad""","character",,,352,99.7167138810198,,,,,,,,
"g12_ua_5_7"," ""G12 Otra unidad""","character",,,353,100,,,,,,,,
"g12_1_1_1"," ""G12.1 Equivalencia de la unidad medida en kilos""","numeric",,,21,5.94900849858357,1,65,49.6762048192771,50,4.65110259418217,0,,
"g12_1_1_2"," ""G12.1 Equivalencia de la unidad medida en kilos""","numeric",,,27,7.64872521246459,1,62.5,49.7193251533742,50,3.79171901406767,0,,
"g12_1_1_3"," ""G12.1 Equivalencia de la unidad medida en kilos""","numeric",,,31,8.78186968838527,0,65,49.7158385093168,50,4.49029733614445,0,,
"g12_1_1_4"," ""G12.1 Equivalencia de la unidad medida en kilos""","numeric",,,68,19.2634560906516,0.25,75,49.7868421052632,50,4.77858823142828,0,,
"g12_1_1_5"," ""G12.1 Equivalencia de la unidad medida en kilos""","numeric",,,238,67.4220963172804,0,150,49.0269565217391,50,13.2932928724538,0,,
"g12_1_1_6"," ""G12.1 Equivalencia de la unidad medida en kilos""","numeric",,,351,99.4334277620397,0.79,50,25.395,25.395,34.79672470219,24.605,,
"g12_1_1_7"," ""G12.1 Equivalencia de la unidad medida en kilos""","numeric",,,351,99.4334277620397,0,50,25,25,35.3553390593274,25,,
"g12_1_2_1"," ""G12.1 Equivalencia de la unidad medida en kilos""","numeric",,,154,43.6260623229462,0,62.5,48.8417085427136,50,6.72559704799487,0,,
"g12_1_2_2"," ""G12.1 Equivalencia de la unidad medida en kilos""","numeric",,,124,35.1274787535411,1,62,49.4890829694323,50,5.1525937547007,0,,
"g12_1_2_3"," ""G12.1 Equivalencia de la unidad medida en kilos""","numeric",,,136,38.5269121813031,0,62,48.5046082949309,50,7.65669502235144,0,,
"g12_1_2_4"," ""G12.1 Equivalencia de la unidad medida en kilos""","numeric",,,188,53.2577903682719,1,50,49.2181818181818,50,4.84525506800805,0,,
"g12_1_2_5"," ""G12.1 Equivalencia de la unidad medida en kilos""","numeric",,,316,89.5184135977337,0.3,50,46.0078378378378,50,13.6253316239225,0,,
"g12_1_2_6"," ""G12.1 Equivalencia de la unidad medida en kilos""","numeric",,,353,100,Inf,-Inf,,,,,,
"g12_1_2_7"," ""G12.1 Equivalencia de la unidad medida en kilos""","numeric",,,353,100,Inf,-Inf,,,,,,
"g12_1_3_1"," ""G12.1 Equivalencia de la unidad medida en kilos""","numeric",,,242,68.5552407932011,0.78,500,52.0881081081081,50,43.6920657143629,0,,
"g12_1_3_2"," ""G12.1 Equivalencia de la unidad medida en kilos""","numeric",,,217,61.4730878186969,0,100,49.3970588235294,50,6.94665324349813,0,,
"g12_1_3_3"," ""G12.1 Equivalencia de la unidad medida en kilos""","numeric",,,231,65.4390934844193,0.79,62.5,48.600737704918,50,7.3658840753588,0,,
"g12_1_3_4"," ""G12.1 Equivalencia de la unidad medida en kilos""","numeric",,,285,80.7365439093484,1,58,48.5147058823529,50,7.24309789222697,0,,
"g12_1_3_5"," ""G12.1 Equivalencia de la unidad medida en kilos""","numeric",,,339,96.0339943342776,0.99,50,42.9992857142857,50,17.7955052511261,0,,
"g12_1_3_6"," ""G12.1 Equivalencia de la unidad medida en kilos""","numeric",,,352,99.7167138810198,0.3,0.3,0.3,0.3,,0,,
"g12_1_3_7"," ""G12.1 Equivalencia de la unidad medida en kilos""","numeric",,,353,100,Inf,-Inf,,,,,,
"g12_1_4_1"," ""G12.1 Equivalencia de la unidad medida en kilos""","numeric",,,321,90.9348441926346,20,50,48.75,50,5.53580719410662,0,,
"g12_1_4_2"," ""G12.1 Equivalencia de la unidad medida en kilos""","numeric",,,331,93.7677053824363,1,50,46.6363636363636,50,11.4996706145187,0,,
"g12_1_4_3"," ""G12.1 Equivalencia de la unidad medida en kilos""","numeric",,,339,96.0339943342776,40,50,49.2857142857143,50,2.67261241912424,0,,
"g12_1_4_4"," ""G12.1 Equivalencia de la unidad medida en kilos""","numeric",,,348,98.5835694050991,50,50,50,50,0,0,,
"g12_1_4_5"," ""G12.1 Equivalencia de la unidad medida en kilos""","numeric",,,351,99.4334277620397,0.2,0.25,0.225,0.225,0.0353553390593274,0.025,,
"g12_1_4_6"," ""G12.1 Equivalencia de la unidad medida en kilos""","numeric",,,352,99.7167138810198,0,0,0,0,,0,,
"g12_1_4_7"," ""G12.1 Equivalencia de la unidad medida en kilos""","numeric",,,353,100,Inf,-Inf,,,,,,
"g12_1_5_1"," ""G12.1 Equivalencia de la unidad medida en kilos""","numeric",,,343,97.1671388101983,40,50,49,50,3.16227766016838,0,,
"g12_1_5_2"," ""G12.1 Equivalencia de la unidad medida en kilos""","numeric",,,350,99.1501416430595,50,50,50,50,0,0,,
"g12_1_5_3"," ""G12.1 Equivalencia de la unidad medida en kilos""","numeric",,,350,99.1501416430595,50,50,50,50,0,0,,
"g12_1_5_4"," ""G12.1 Equivalencia de la unidad medida en kilos""","numeric",,,352,99.7167138810198,50,50,50,50,,0,,
"g12_1_5_5"," ""G12.1 Equivalencia de la unidad medida en kilos""","numeric",,,353,100,Inf,-Inf,,,,,,
"g12_1_5_6"," ""G12.1 Equivalencia de la unidad medida en kilos""","numeric",,,352,99.7167138810198,0,0,0,0,,0,,
"g12_1_5_7"," ""G12.1 Equivalencia de la unidad medida en kilos""","numeric",,,353,100,Inf,-Inf,,,,,,
"g13_1_1","G13 ¿Cuánto pagó por [unidad G_12_b]? ","numeric",,,21,5.94900849858357,0,1800000,155951.993975904,140000,125039.04336221,55000,,
"g13_1_2","G13 ¿Cuánto pagó por [unidad G_12_b]? ","numeric",,,27,7.64872521246459,0,300000,146861.969325153,140000,48727.0080001349,50000,,
"g13_1_3","G13 ¿Cuánto pagó por [unidad G_12_b]? ","numeric",,,43,12.1813031161473,0,1350000,147094.587096774,140000,84080.6930572503,51500,,
"g13_1_4","G13 ¿Cuánto pagó por [unidad G_12_b]? ","numeric",,,78,22.0963172804533,0,2240000,159856.556363636,145000,134590.737962206,55000,,
"g13_1_5","G13 ¿Cuánto pagó por [unidad G_12_b]? ","numeric",,,231,65.4390934844193,0,365000,143216.18852459,150000,64203.0410863283,69000,,
"g13_1_6","G13 ¿Cuánto pagó por [unidad G_12_b]? ","numeric",,,326,92.3512747875354,15000,250000,56037.037037037,40000,57650.4596562378,23000,,
"g13_1_7","G13 ¿Cuánto pagó por [unidad G_12_b]? ","numeric",,,340,96.3172804532578,15000,220000,54846.1538461538,40000,52041.4036350644,25000,,
"g13_2_1","G13 ¿Cuánto pagó por [unidad G_12_b]? ","numeric",,,152,43.0594900849858,50,1300000,140911.059701493,140000,100554.465231617,60100,,
"g13_2_2","G13 ¿Cuánto pagó por [unidad G_12_b]? ","numeric",,,123,34.8441926345609,50,1150000,135755.652173913,130000,85511.4249026066,55000,,
"g13_2_3","G13 ¿Cuánto pagó por [unidad G_12_b]? ","numeric",,,138,39.0934844192635,0,1432000,140483.427906977,135000,104219.912545016,60000,,
"g13_2_4","G13 ¿Cuánto pagó por [unidad G_12_b]? ","numeric",,,197,55.8073654390935,0,1500000,148183.474358974,140000,118781.622459328,50000,,
"g13_2_5","G13 ¿Cuánto pagó por [unidad G_12_b]? ","numeric",,,315,89.2351274787535,80,320000,123607.368421053,120000,66944.3714883388,91500,,
"g13_2_6","G13 ¿Cuánto pagó por [unidad G_12_b]? ","numeric",,,342,96.8838526912181,27000,220000,96818.1818181818,60000,68337.1321930006,110000,,
"g13_2_7","G13 ¿Cuánto pagó por [unidad G_12_b]? ","numeric",,,346,98.0169971671388,27000,190000,77142.8571428571,40000,65141.9695010536,66500,,
"g13_3_1","G13 ¿Cuánto pagó por [unidad G_12_b]? ","numeric",,,249,70.5382436260623,20,320000,136836.25,140000,60669.8261752172,62250,,
"g13_3_2","G13 ¿Cuánto pagó por [unidad G_12_b]? ","numeric",,,222,62.8895184135977,0,700000,132778.946564885,130000,71936.5426693569,56500,,
"g13_3_3","G13 ¿Cuánto pagó por [unidad G_12_b]? ","numeric",,,238,67.4220963172804,1,280000,137965.87826087,140000,53315.9288610672,58000,,
"g13_3_4","G13 ¿Cuánto pagó por [unidad G_12_b]? ","numeric",,,290,82.1529745042493,0,280000,131921.936507937,135000,56536.168053355,70000,,
"g13_3_5","G13 ¿Cuánto pagó por [unidad G_12_b]? ","numeric",,,338,95.7507082152975,4800,320000,89820,80000,79560.3113547021,86000,,
"g13_3_6","G13 ¿Cuánto pagó por [unidad G_12_b]? ","numeric",,,347,98.300283286119,18000,250000,76333.3333333333,47500,86963.5939153084,32500,,
"g13_3_7","G13 ¿Cuánto pagó por [unidad G_12_b]? ","numeric",,,350,99.1501416430595,20000,170000,70166.6666666667,20500,86458.5642567197,75000,,
"g13_4_1","G13 ¿Cuánto pagó por [unidad G_12_b]? ","numeric",,,323,91.5014164305949,140,1000000,156921.333333333,140000,166143.386758782,52000,,
"g13_4_2","G13 ¿Cuánto pagó por [unidad G_12_b]? ","numeric",,,328,92.9178470254957,3240,220000,116189.6,120000,58037.7638898445,70000,,
"g13_4_3","G13 ¿Cuánto pagó por [unidad G_12_b]? ","numeric",,,342,96.8838526912181,69000,320000,151454.545454545,145000,67116.8587410997,51000,,
"g13_4_4","G13 ¿Cuánto pagó por [unidad G_12_b]? ","numeric",,,347,98.300283286119,28000,172000,116666.666666667,125000,47856.7306307761,17500,,
"g13_4_5","G13 ¿Cuánto pagó por [unidad G_12_b]? ","numeric",,,350,99.1501416430595,40000,138000,76000,50000,53925.875050851,49000,,
"g13_4_6","G13 ¿Cuánto pagó por [unidad G_12_b]? ","numeric",,,349,98.8668555240793,4800,83000,42450,41000,39782.8690099981,63050,,
"g13_4_7","G13 ¿Cuánto pagó por [unidad G_12_b]? ","numeric",,,352,99.7167138810198,61000,61000,61000,61000,,0,,
"g13_5_1","G13 ¿Cuánto pagó por [unidad G_12_b]? ","numeric",,,341,96.600566572238,25000,160000,123500,140000,37254.651936491,22000,,
"g13_5_2","G13 ¿Cuánto pagó por [unidad G_12_b]? ","numeric",,,350,99.1501416430595,25000,180000,115000,140000,80467.3846971554,77500,,
"g13_5_3","G13 ¿Cuánto pagó por [unidad G_12_b]? ","numeric",,,350,99.1501416430595,75000,172000,107333.333333333,75000,56002.9761113937,48500,,
"g13_5_4","G13 ¿Cuánto pagó por [unidad G_12_b]? ","numeric",,,352,99.7167138810198,150000,150000,150000,150000,,0,,
"g13_5_5","G13 ¿Cuánto pagó por [unidad G_12_b]? ","numeric",,,352,99.7167138810198,58000,58000,58000,58000,,0,,
"g13_5_6","G13 ¿Cuánto pagó por [unidad G_12_b]? ","numeric",,,351,99.4334277620397,45000,60000,52500,52500,10606.6017177982,7500,,
"g13_5_7","G13 ¿Cuánto pagó por [unidad G_12_b]? ","numeric",,,352,99.7167138810198,28000,28000,28000,28000,,0,,
"g14_1","G14 ¿Mezcló todos o algunos de estos productos en esta [ID G_7_1] fertilización?","factor","(1) Sí, (2) No",2,135,38.2436260623229,,,,,,,,
"g14_2","G14 ¿Mezcló todos o algunos de estos productos en esta [ID G_7_1] fertilización?","factor","(1) Sí, (2) No",2,118,33.4277620396601,,,,,,,,
"g14_3","G14 ¿Mezcló todos o algunos de estos productos en esta [ID G_7_1] fertilización?","factor","(1) Sí, (2) No",2,137,38.8101983002833,,,,,,,,
"g14_4","G14 ¿Mezcló todos o algunos de estos productos en esta [ID G_7_1] fertilización?","factor","(1) Sí, (2) No",2,189,53.5410764872521,,,,,,,,
"g14_5","G14 ¿Mezcló todos o algunos de estos productos en esta [ID G_7_1] fertilización?","factor","(1) Sí, (2) No",2,309,87.5354107648725,,,,,,,,
"g14_6","G14 ¿Mezcló todos o algunos de estos productos en esta [ID G_7_1] fertilización?","factor","(1) Sí, (2) No",2,340,96.3172804532578,,,,,,,,
"g14_7","G14 ¿Mezcló todos o algunos de estos productos en esta [ID G_7_1] fertilización?","factor","(1) Sí, (2) No",2,345,97.7337110481586,,,,,,,,
"K2O_1_1",,"numeric",,,3,0.84985835694051,0,60,12.1518571428571,18,9.32382724104185,18,,
"K2O_1_2",,"numeric",,,9,2.54957507082153,0,60,9.69985465116279,17,9.37207991339224,18,,
"K2O_1_3",,"numeric",,,21,5.94900849858357,0,60,11.1145180722892,7.52,14.2166542078909,17,,
"K2O_1_4",,"numeric",,,60,16.9971671388102,0,60,7.10088737201365,0,13.4866564153117,17,,
"K2O_1_5",,"numeric",,,220,62.3229461756374,0,60,3.36699248120301,0,8.31432735530393,0,,
"K2O_1_6",,"numeric",,,320,90.6515580736544,0,43,6.75545454545455,6.38,8.28674283528708,10.71,,
"K2O_1_7",,"numeric",,,338,95.7507082152975,0,10.71,2.062,0,3.3935531316222,3.73,,
"K2O_2_1",,"numeric",,,140,39.6600566572238,0,60,7.57032863849765,0,15.1671617842496,12,,
"K2O_2_2",,"numeric",,,104,29.4617563739377,0,60,14.0215261044177,0,22.6216135605082,18,,
"K2O_2_3",,"numeric",,,124,35.1274787535411,0,60,14.5180349344978,0,21.4787059396249,18,,
"K2O_2_4",,"numeric",,,183,51.8413597733711,0,60,18.0235294117647,0,24.1104345161654,30,,
"K2O_2_5",,"numeric",,,307,86.9688385269122,0,60,17.3832608695652,1.5,25.0998634838561,40,,
"K2O_2_6",,"numeric",,,340,96.3172804532578,0,25.9,3.56615384615385,0,7.3277651646114,3.4,,
"K2O_2_7",,"numeric",,,345,97.7337110481586,0,27.33,6.09375,0,9.85079248081087,10.71,,
"K2O_3_1",,"numeric",,,234,66.2889518413598,0,60,10.569243697479,0,20.2822570100854,12,,
"K2O_3_2",,"numeric",,,212,60.056657223796,0,60,15.6382978723404,0,23.7213817339501,19,,
"K2O_3_3",,"numeric",,,226,64.0226628895184,0,60,20.5345669291339,0,25.367859265999,55,,
"K2O_3_4",,"numeric",,,281,79.6033994334278,0,60,18.2940277777778,3,24.218513559702,30,,
"K2O_3_5",,"numeric",,,333,94.3342776203966,0,60,9.87,0,16.2480233615629,15.75,,
"K2O_3_6",,"numeric",,,345,97.7337110481586,0,25,4.46375,0,9.10497185607951,2.6775,,
"K2O_3_7",,"numeric",,,350,99.1501416430595,0,0,0,0,0,0,,
"K2O_4_1",,"numeric",,,318,90.0849858356941,0,60,9.47114285714286,0,18.4384532290263,7.925,,
"K2O_4_2",,"numeric",,,324,91.7847025495751,0,60,7.78586206896552,0,17.2558647415971,3,,
"K2O_4_3",,"numeric",,,339,96.0339943342776,0,60,13.4285714285714,0,22.701115817084,16,,
"K2O_4_4",,"numeric",,,347,98.300283286119,0,18,3.56666666666667,0,7.20046294807956,2.55,,
"K2O_4_5",,"numeric",,,349,98.8668555240793,0,0,0,0,0,0,,
"K2O_4_6",,"numeric",,,349,98.8668555240793,0,15,3.75,0,7.5,3.75,,
"K2O_4_7",,"numeric",,,352,99.7167138810198,3.2,3.2,3.2,3.2,,0,,
"K2O_5_1",,"numeric",,,341,96.600566572238,0,60,13.5,1.5,22.7216356645539,18,,
"K2O_5_2",,"numeric",,,350,99.1501416430595,0,3,1.33333333333333,1,1.52752523165195,1.5,,
"K2O_5_3",,"numeric",,,350,99.1501416430595,0,60,20.3333333333333,1,34.3559795862865,30,,
"K2O_5_4",,"numeric",,,352,99.7167138810198,0,0,0,0,,0,,
"K2O_5_5",,"numeric",,,352,99.7167138810198,10,10,10,10,,0,,
"K2O_5_6",,"numeric",,,351,99.4334277620397,0,0,0,0,0,0,,
"K2O_5_7",,"numeric",,,352,99.7167138810198,0,0,0,0,,0,,
"Marca_1_1",,"character",,,3,0.84985835694051,,,,,,,,
"Marca_1_2",,"character",,,9,2.54957507082153,,,,,,,,
"Marca_1_3",,"character",,,21,5.94900849858357,,,,,,,,
"Marca_1_4",,"character",,,60,16.9971671388102,,,,,,,,
"Marca_1_5",,"character",,,220,62.3229461756374,,,,,,,,
"Marca_1_6",,"character",,,320,90.6515580736544,,,,,,,,
"Marca_1_7",,"character",,,338,95.7507082152975,,,,,,,,
"Marca_2_1",,"character",,,140,39.6600566572238,,,,,,,,
"Marca_2_2",,"character",,,104,29.4617563739377,,,,,,,,
"Marca_2_3",,"character",,,124,35.1274787535411,,,,,,,,
"Marca_2_4",,"character",,,183,51.8413597733711,,,,,,,,
"Marca_2_5",,"character",,,307,86.9688385269122,,,,,,,,
"Marca_2_6",,"character",,,340,96.3172804532578,,,,,,,,
"Marca_2_7",,"character",,,345,97.7337110481586,,,,,,,,
"Marca_3_1",,"character",,,234,66.2889518413598,,,,,,,,
"Marca_3_2",,"character",,,212,60.056657223796,,,,,,,,
"Marca_3_3",,"character",,,226,64.0226628895184,,,,,,,,
"Marca_3_4",,"character",,,281,79.6033994334278,,,,,,,,
"Marca_3_5",,"character",,,333,94.3342776203966,,,,,,,,
"Marca_3_6",,"character",,,345,97.7337110481586,,,,,,,,
"Marca_3_7",,"character",,,350,99.1501416430595,,,,,,,,
"Marca_4_1",,"character",,,318,90.0849858356941,,,,,,,,
"Marca_4_2",,"character",,,324,91.7847025495751,,,,,,,,
"Marca_4_3",,"character",,,339,96.0339943342776,,,,,,,,
"Marca_4_4",,"character",,,347,98.300283286119,,,,,,,,
"Marca_4_5",,"character",,,349,98.8668555240793,,,,,,,,
"Marca_4_6",,"character",,,349,98.8668555240793,,,,,,,,
"Marca_4_7",,"character",,,352,99.7167138810198,,,,,,,,
"Marca_5_1",,"character",,,341,96.600566572238,,,,,,,,
"Marca_5_2",,"character",,,350,99.1501416430595,,,,,,,,
"Marca_5_3",,"character",,,350,99.1501416430595,,,,,,,,
"Marca_5_4",,"character",,,352,99.7167138810198,,,,,,,,
"Marca_5_5",,"character",,,352,99.7167138810198,,,,,,,,
"Marca_5_6",,"character",,,351,99.4334277620397,,,,,,,,
"Marca_5_7",,"character",,,352,99.7167138810198,,,,,,,,
"Namoniacal_1_1",,"numeric",,,3,0.84985835694051,0,29,6.01988571428571,7,5.13964750651242,7,,
"Namoniacal_1_2",,"numeric",,,9,2.54957507082153,0,29,5.86142441860465,7,6.5014872490132,7,,
"Namoniacal_1_3",,"numeric",,,21,5.94900849858357,0,29,3.6441265060241,0,6.33706376647123,7,,
"Namoniacal_1_4",,"numeric",,,60,16.9971671388102,0,29,3.09003412969283,0,5.7432295755729,5,,
"Namoniacal_1_5",,"numeric",,,220,62.3229461756374,0,21,1.9209022556391,0,4.51289976969163,0.83,,
"Namoniacal_1_6",,"numeric",,,320,90.6515580736544,0,7,0.746969696969697,0.83,1.21671300243855,1,,
"Namoniacal_1_7",,"numeric",,,338,95.7507082152975,0,3.12,0.414666666666667,0,0.834958225359352,0.625,,
"Namoniacal_2_1",,"numeric",,,140,39.6600566572238,0,29,5.5637558685446,0,8.23419314628382,7,,
"Namoniacal_2_2",,"numeric",,,104,29.4617563739377,0,21,6.78542168674699,0,9.02611492995305,21,,
"Namoniacal_2_3",,"numeric",,,124,35.1274787535411,0,29,7.81174672489083,0,9.71885689737794,21,,
"Namoniacal_2_4",,"numeric",,,183,51.8413597733711,0,29,5.96429411764706,0,8.93591985751692,10.3,,
"Namoniacal_2_5",,"numeric",,,307,86.9688385269122,0,22,6.04717391304348,0,9.2158801745305,17.95,,
"Namoniacal_2_6",,"numeric",,,340,96.3172804532578,0,3.13,0.406153846153846,0,0.951967598026481,0,,
"Namoniacal_2_7",,"numeric",,,345,97.7337110481586,0,1,0.25,0,0.462910049886276,0.25,,
"Namoniacal_3_1",,"numeric",,,234,66.2889518413598,0,29,7.12647058823529,0,9.34073869145764,21,,
"Namoniacal_3_2",,"numeric",,,212,60.056657223796,0,21,7.87929078014184,0,9.73940814023038,21,,
"Namoniacal_3_3",,"numeric",,,226,64.0226628895184,0,21,5.82503937007874,0,8.81803201904563,10.3,,
"Namoniacal_3_4",,"numeric",,,281,79.6033994334278,0,29,7.65,0,9.97985294424384,21,,
"Namoniacal_3_5",,"numeric",,,333,94.3342776203966,0,21,6.2025,0,9.15863807101195,12.975,,
"Namoniacal_3_6",,"numeric",,,345,97.7337110481586,0,1,0.125,0,0.353553390593274,0,,
"Namoniacal_3_7",,"numeric",,,350,99.1501416430595,0,0,0,0,0,0,,
"Namoniacal_4_1",,"numeric",,,318,90.0849858356941,0,21,4.83771428571429,0,8.10203717509088,7,,
"Namoniacal_4_2",,"numeric",,,324,91.7847025495751,0,21,2.18551724137931,0,5.62283011239948,0.83,,
"Namoniacal_4_3",,"numeric",,,339,96.0339943342776,0,21,7.78571428571429,0,9.95511906530482,20.25,,
"Namoniacal_4_4",,"numeric",,,347,98.300283286119,0,18,5,2.5,7.0427267446636,6.5,,
"Namoniacal_4_5",,"numeric",,,349,98.8668555240793,0,0,0,0,0,0,,
"Namoniacal_4_6",,"numeric",,,349,98.8668555240793,0,10.3,2.575,0,5.15,2.575,,
"Namoniacal_4_7",,"numeric",,,352,99.7167138810198,0,0,0,0,,0,,
"Namoniacal_5_1",,"numeric",,,341,96.600566572238,0,10.5,2.04166666666667,0,3.79268634307791,1.75,,
"Namoniacal_5_2",,"numeric",,,350,99.1501416430595,0,21,7,0,12.1243556529821,10.5,,
"Namoniacal_5_3",,"numeric",,,350,99.1501416430595,0,21,7,0,12.1243556529821,10.5,,
"Namoniacal_5_4",,"numeric",,,352,99.7167138810198,0,0,0,0,,0,,
"Namoniacal_5_5",,"numeric",,,352,99.7167138810198,8.8,8.8,8.8,8.8,,0,,
"Namoniacal_5_6",,"numeric",,,351,99.4334277620397,0,0,0,0,0,0,,
"Namoniacal_5_7",,"numeric",,,352,99.7167138810198,0,0,0,0,,0,,
"Nnitrico_1_1",,"numeric",,,3,0.84985835694051,0,4.7,0.147914285714286,0,0.717622981340719,0,,
"Nnitrico_1_2",,"numeric",,,9,2.54957507082153,0,6.6,0.141337209302326,0,0.832736163866702,0,,
"Nnitrico_1_3",,"numeric",,,21,5.94900849858357,0,13,0.15210843373494,0,1.06971115069,0,,
"Nnitrico_1_4",,"numeric",,,60,16.9971671388102,0,14.1,0.949829351535836,0,3.14880836966329,0,,
"Nnitrico_1_5",,"numeric",,,220,62.3229461756374,0,14.1,0.875563909774436,0,2.51471289208067,0,,
"Nnitrico_1_6",,"numeric",,,320,90.6515580736544,0,13,2.57666666666667,3.07,2.89075105581001,3.07,,
"Nnitrico_1_7",,"numeric",,,338,95.7507082152975,0,3.07,0.587333333333333,0,1.05270716771208,0.74,,
"Nnitrico_2_1",,"numeric",,,140,39.6600566572238,0,4.7,0.110328638497653,0,0.71327465996199,0,,
"Nnitrico_2_2",,"numeric",,,104,29.4617563739377,0,4.7,0.0371887550200803,0,0.360009140388634,0,,
"Nnitrico_2_3",,"numeric",,,124,35.1274787535411,0,13,0.216157205240175,0,1.34123244309336,0,,
"Nnitrico_2_4",,"numeric",,,183,51.8413597733711,0,14.1,0.306352941176471,0,1.70221494902483,0,,
"Nnitrico_2_5",,"numeric",,,307,86.9688385269122,0,13,0.63,0,2.30864077375026,0,,
"Nnitrico_2_6",,"numeric",,,340,96.3172804532578,0,0.29,0.0223076923076923,0,0.0804315284526582,0,,
"Nnitrico_2_7",,"numeric",,,345,97.7337110481586,0,3.07,0.7675,0,1.42113385315087,0.7675,,
"Nnitrico_3_1",,"numeric",,,234,66.2889518413598,0,4.7,0.149327731092437,0,0.806506098301402,0,,
"Nnitrico_3_2",,"numeric",,,212,60.056657223796,0,14.1,0.187943262411348,0,1.4360399505637,0,,
"Nnitrico_3_3",,"numeric",,,226,64.0226628895184,0,14.1,0.431259842519685,0,1.97980838904749,0,,
"Nnitrico_3_4",,"numeric",,,281,79.6033994334278,0,0,0,0,0,0,,
"Nnitrico_3_5",,"numeric",,,333,94.3342776203966,0,4.7,0.2495,0,1.04953862043732,0,,
"Nnitrico_3_6",,"numeric",,,345,97.7337110481586,0,3.07,0.50875,0,1.09246036214461,0.25,,
"Nnitrico_3_7",,"numeric",,,350,99.1501416430595,0,0,0,0,0,0,,
"Nnitrico_4_1",,"numeric",,,318,90.0849858356941,0,1.34,0.0382857142857143,0,0.226501340267242,0,,
"Nnitrico_4_2",,"numeric",,,324,91.7847025495751,0,14.1,0.791379310344828,0,2.74794172861114,0,,
"Nnitrico_4_3",,"numeric",,,339,96.0339943342776,0,0,0,0,0,0,,
"Nnitrico_4_4",,"numeric",,,347,98.300283286119,0,0,0,0,0,0,,
"Nnitrico_4_5",,"numeric",,,349,98.8668555240793,0,0,0,0,0,0,,
"Nnitrico_4_6",,"numeric",,,349,98.8668555240793,0,4.7,1.175,0,2.35,1.175,,
"Nnitrico_4_7",,"numeric",,,352,99.7167138810198,0,0,0,0,,0,,
"Nnitrico_5_1",,"numeric",,,341,96.600566572238,0,9.5,0.791666666666667,0,2.74241377865072,0,,
"Nnitrico_5_2",,"numeric",,,350,99.1501416430595,0,0,0,0,0,0,,
"Nnitrico_5_3",,"numeric",,,350,99.1501416430595,0,0,0,0,0,0,,
"Nnitrico_5_4",,"numeric",,,352,99.7167138810198,0,0,0,0,,0,,
"Nnitrico_5_5",,"numeric",,,352,99.7167138810198,3,3,3,3,,0,,
"Nnitrico_5_6",,"numeric",,,351,99.4334277620397,0,0,0,0,0,0,,
"Nnitrico_5_7",,"numeric",,,352,99.7167138810198,0,0,0,0,,0,,
"Ntotal_1_1",,"numeric",,,3,0.84985835694051,0,46,20.3434571428571,18,12.5132914454598,0,,
"Ntotal_1_2",,"numeric",,,9,2.54957507082153,0,46,25.8324709302326,18,13.8360909728952,28,,
"Ntotal_1_3",,"numeric",,,21,5.94900849858357,0,46,27.5482831325301,24,15.4135087807643,28,,
"Ntotal_1_4",,"numeric",,,60,16.9971671388102,0,46,31.8401023890785,40,15.3906519057956,28,,
"Ntotal_1_5",,"numeric",,,220,62.3229461756374,0,46,32.5807518796992,46,17.2697146729452,28,,
"Ntotal_1_6",,"numeric",,,320,90.6515580736544,0,46,6.22878787878788,5.14,8.2856090442917,2.22,,
"Ntotal_1_7",,"numeric",,,338,95.7507082152975,0,46,7.78266666666667,0,14.9719272863138,5.67,,
"Ntotal_2_1",,"numeric",,,140,39.6600566572238,0,46,23.2320657276995,21,17.9748786821266,43,,
"Ntotal_2_2",,"numeric",,,104,29.4617563739377,0,46,20.5289959839357,21,17.4653644634953,46,,
"Ntotal_2_3",,"numeric",,,124,35.1274787535411,0,46,21.102576419214,21,16.394470476127,29,,
"Ntotal_2_4",,"numeric",,,183,51.8413597733711,0,46,18.1914705882353,21,17.028017311602,24,,
"Ntotal_2_5",,"numeric",,,307,86.9688385269122,0,46,16.2334782608696,16.75,17.2640303286459,21,,
"Ntotal_2_6",,"numeric",,,340,96.3172804532578,0,42,5.41,0,12.210315311244,0,,
"Ntotal_2_7",,"numeric",,,345,97.7337110481586,0,5.14,1.285,0,2.37935765641546,1.285,,
"Ntotal_3_1",,"numeric",,,234,66.2889518413598,0,46,17.8506722689076,18,16.9638567294541,21,,
"Ntotal_3_2",,"numeric",,,212,60.056657223796,0,46,17.690780141844,21,15.9150149262047,21,,
"Ntotal_3_3",,"numeric",,,226,64.0226628895184,0,46,15.26,15,16.7302028944328,21,,
"Ntotal_3_4",,"numeric",,,281,79.6033994334278,0,46,14.2309722222222,18,14.9777938125805,21,,
"Ntotal_3_5",,"numeric",,,333,94.3342776203966,0,21,7.63,0,9.60964975537884,18.75,,
"Ntotal_3_6",,"numeric",,,345,97.7337110481586,0,25,3.7675,0,8.76573809132547,1.285,,
"Ntotal_3_7",,"numeric",,,350,99.1501416430595,0,0,0,0,0,0,,
"Ntotal_4_1",,"numeric",,,318,90.0849858356941,0,46,15.0005714285714,11,17.1773219070715,21,,
"Ntotal_4_2",,"numeric",,,324,91.7847025495751,0,46,11.8506896551724,1.8,17.2460616479396,17,,
"Ntotal_4_3",,"numeric",,,339,96.0339943342776,0,46,15.0714285714286,18,13.7922179045023,21,,
"Ntotal_4_4",,"numeric",,,347,98.300283286119,0,46,28,29,18.8467503830236,26.5,,
"Ntotal_4_5",,"numeric",,,349,98.8668555240793,0,0,0,0,0,0,,
"Ntotal_4_6",,"numeric",,,349,98.8668555240793,0,15,3.75,0,7.5,3.75,,
"Ntotal_4_7",,"numeric",,,352,99.7167138810198,0,0,0,0,,0,,
"Ntotal_5_1",,"numeric",,,341,96.600566572238,0,46,8.58333333333333,0,14.5255782756634,18,,
"Ntotal_5_2",,"numeric",,,350,99.1501416430595,0,21,7.5,1.5,11.71537451386,10.5,,
"Ntotal_5_3",,"numeric",,,350,99.1501416430595,0,21,7.5,1.5,11.71537451386,10.5,,
"Ntotal_5_4",,"numeric",,,352,99.7167138810198,0,0,0,0,,0,,
"Ntotal_5_5",,"numeric",,,352,99.7167138810198,20,20,20,20,,0,,
"Ntotal_5_6",,"numeric",,,351,99.4334277620397,0,0,0,0,0,0,,
"Ntotal_5_7",,"numeric",,,352,99.7167138810198,0,0,0,0,,0,,
"Nureico_1_1",,"numeric",,,3,0.84985835694051,0,46,14.018,11,14.693930836859,2.4,,
"Nureico_1_2",,"numeric",,,9,2.54957507082153,0,46,19.7862209302326,11,17.7222005266812,35,,
"Nureico_1_3",,"numeric",,,21,5.94900849858357,0,46,23.5927710843374,24,18.224284340679,35,,
"Nureico_1_4",,"numeric",,,60,16.9971671388102,0,46,27.4794539249147,35,19.0512220253632,35,,
"Nureico_1_5",,"numeric",,,220,62.3229461756374,0,46,29.4869172932331,46,19.9522686558656,44.93,,
"Nureico_1_6",,"numeric",,,320,90.6515580736544,0,46,2.89848484848485,1.07,8.32880060438331,1.07,,
"Nureico_1_7",,"numeric",,,338,95.7507082152975,0,46,6.22333333333333,0,15.3010455602908,1.705,,
"Nureico_2_1",,"numeric",,,140,39.6600566572238,0,46,17.4812676056338,6.9,20.7314051892641,46,,
"Nureico_2_2",,"numeric",,,104,29.4617563739377,0,46,13.7019277108434,0,19.6838066197354,46,,
"Nureico_2_3",,"numeric",,,124,35.1274787535411,0,46,12.9877729257642,0,18.9927555168714,24,,
"Nureico_2_4",,"numeric",,,183,51.8413597733711,0,46,11.745,0,18.2690863557045,24,,
"Nureico_2_5",,"numeric",,,307,86.9688385269122,0,46,9.55869565217391,0,17.5172693976475,5.195,,
"Nureico_2_6",,"numeric",,,340,96.3172804532578,0,41.6,4.98153846153846,0,11.8245548514901,0,,
"Nureico_2_7",,"numeric",,,345,97.7337110481586,0,1.07,0.2675,0,0.495313753378315,0.2675,,
"Nureico_3_1",,"numeric",,,234,66.2889518413598,0,46,10.5395798319328,0,18.3680861958977,11,,
"Nureico_3_2",,"numeric",,,212,60.056657223796,0,46,9.4113475177305,0,17.3962520273706,11,,
"Nureico_3_3",,"numeric",,,226,64.0226628895184,0,46,9.00370078740158,0,17.3344695508162,0.535,,
"Nureico_3_4",,"numeric",,,281,79.6033994334278,0,46,6.475,0,14.3835758252643,0,,
"Nureico_3_5",,"numeric",,,333,94.3342776203966,0,11,1.083,0,3.33385994085882,0,,
"Nureico_3_6",,"numeric",,,345,97.7337110481586,0,24,3.13375,0,8.43954795251838,0.2675,,
"Nureico_3_7",,"numeric",,,350,99.1501416430595,0,0,0,0,0,0,,
"Nureico_4_1",,"numeric",,,318,90.0849858356941,0,46,10.1031428571429,0,17.9018271777638,11,,
"Nureico_4_2",,"numeric",,,324,91.7847025495751,0,46,8.81241379310345,0,17.6113053493594,0.35,,
"Nureico_4_3",,"numeric",,,339,96.0339943342776,0,46,5.14285714285714,0,12.6846796924912,0,,
"Nureico_4_4",,"numeric",,,347,98.300283286119,0,46,23,23,21.9271521178652,40.5,,
"Nureico_4_5",,"numeric",,,349,98.8668555240793,0,0,0,0,0,0,,
"Nureico_4_6",,"numeric",,,349,98.8668555240793,0,0,0,0,0,0,,
"Nureico_4_7",,"numeric",,,352,99.7167138810198,0,0,0,0,,0,,
"Nureico_5_1",,"numeric",,,341,96.600566572238,0,46,5.66666666666667,0,13.3915396177338,2.75,,
"Nureico_5_2",,"numeric",,,350,99.1501416430595,0,0,0,0,0,0,,
"Nureico_5_3",,"numeric",,,350,99.1501416430595,0,0,0,0,0,0,,
"Nureico_5_4",,"numeric",,,352,99.7167138810198,0,0,0,0,,0,,
"Nureico_5_5",,"numeric",,,352,99.7167138810198,8.2,8.2,8.2,8.2,,0,,
"Nureico_5_6",,"numeric",,,351,99.4334277620397,0,0,0,0,0,0,,
"Nureico_5_7",,"numeric",,,352,99.7167138810198,0,0,0,0,,0,,
"P2O5_1_1",,"numeric",,,3,0.84985835694051,0,46,13.9728571428571,18,10.3071757827077,17.99,,
"P2O5_1_2",,"numeric",,,9,2.54957507082153,0,46,9.1755523255814,1.64,10.2056547943535,18,,
"P2O5_1_3",,"numeric",,,21,5.94900849858357,0,46,4.00009036144578,0,7.94303945745115,0,,
"P2O5_1_4",,"numeric",,,60,16.9971671388102,0,56,2.43935153583618,0,6.59692616693765,0,,
"P2O5_1_5",,"numeric",,,220,62.3229461756374,0,56,3.02293233082707,0,7.6139207418759,0,,
"P2O5_1_6",,"numeric",,,320,90.6515580736544,0,50,10.3306060606061,14.29,11.6599889953298,14.29,,
"P2O5_1_7",,"numeric",,,338,95.7507082152975,0,22.7,4.74866666666667,0,8.36005884007546,5.77,,
"P2O5_2_1",,"numeric",,,140,39.6600566572238,0,46,5.41816901408451,0,9.77185170694993,6,,
"P2O5_2_2",,"numeric",,,104,29.4617563739377,0,46,3.40397590361446,0,8.09027606387691,0,,
"P2O5_2_3",,"numeric",,,124,35.1274787535411,0,31.7,1.75628820960699,0,5.45104550770742,0,,
"P2O5_2_4",,"numeric",,,183,51.8413597733711,0,44,1.68823529411765,0,5.82611772580678,0,,
"P2O5_2_5",,"numeric",,,307,86.9688385269122,0,30,1.80521739130435,0,5.64605377985582,0,,
"P2O5_2_6",,"numeric",,,340,96.3172804532578,0,12.55,1.79692307692308,0,3.93194689819896,0,,
"P2O5_2_7",,"numeric",,,345,97.7337110481586,0,14.29,3.5725,0,6.61498461287488,3.5725,,
"P2O5_3_1",,"numeric",,,234,66.2889518413598,0,46,4.43336134453781,0,9.9532655638877,3,,
"P2O5_3_2",,"numeric",,,212,60.056657223796,0,46,3.29078014184397,0,9.71342150038668,0,,
"P2O5_3_3",,"numeric",,,226,64.0226628895184,0,36,2.38637795275591,0,6.39651500717151,0,,
"P2O5_3_4",,"numeric",,,281,79.6033994334278,0,36,2.76388888888889,0,7.55355164210954,0,,
"P2O5_3_5",,"numeric",,,333,94.3342776203966,0,18,2.5775,0,5.66444299765513,0,,
"P2O5_3_6",,"numeric",,,345,97.7337110481586,0,14.29,2.28625,0,5.04817629729504,1,,
"P2O5_3_7",,"numeric",,,350,99.1501416430595,0,0,0,0,0,0,,
"P2O5_4_1",,"numeric",,,318,90.0849858356941,0,46,7.428,0,13.1361165359881,3,,
"P2O5_4_2",,"numeric",,,324,91.7847025495751,0,44,5.16,0,10.8155166312109,3,,
"P2O5_4_3",,"numeric",,,339,96.0339943342776,0,46,6.78571428571429,0,13.4059606227894,7.5,,
"P2O5_4_4",,"numeric",,,347,98.300283286119,0,46,10.6666666666667,0,18.7474442702643,13.5,,
"P2O5_4_5",,"numeric",,,349,98.8668555240793,0,55.5,13.875,0,27.75,13.875,,
"P2O5_4_6",,"numeric",,,349,98.8668555240793,0,15,3.75,0,7.5,3.75,,
"P2O5_4_7",,"numeric",,,352,99.7167138810198,36.13,36.13,36.13,36.13,,0,,
"P2O5_5_1",,"numeric",,,341,96.600566572238,0,20,6.58333333333333,1.5,8.7121475625425,17.25,,
"P2O5_5_2",,"numeric",,,350,99.1501416430595,0,1,0.333333333333333,0,0.577350269189626,0.5,,
"P2O5_5_3",,"numeric",,,350,99.1501416430595,0,1,0.333333333333333,0,0.577350269189626,0.5,,
"P2O5_5_4",,"numeric",,,352,99.7167138810198,0,0,0,0,,0,,
"P2O5_5_5",,"numeric",,,352,99.7167138810198,30,30,30,30,,0,,
"P2O5_5_6",,"numeric",,,351,99.4334277620397,0,0,0,0,0,0,,
"P2O5_5_7",,"numeric",,,352,99.7167138810198,0,0,0,0,,0,,
"Tipo_Fertilizacion_1_1",,"character",,,3,0.84985835694051,,,,,,,,
"Tipo_Fertilizacion_1_2",,"character",,,9,2.54957507082153,,,,,,,,
"Tipo_Fertilizacion_1_3",,"character",,,21,5.94900849858357,,,,,,,,
"Tipo_Fertilizacion_1_4",,"character",,,60,16.9971671388102,,,,,,,,
"Tipo_Fertilizacion_1_5",,"character",,,220,62.3229461756374,,,,,,,,
"Tipo_Fertilizacion_1_6",,"character",,,320,90.6515580736544,,,,,,,,
"Tipo_Fertilizacion_1_7",,"character",,,338,95.7507082152975,,,,,,,,
"Tipo_Fertilizacion_2_1",,"character",,,140,39.6600566572238,,,,,,,,
"Tipo_Fertilizacion_2_2",,"character",,,104,29.4617563739377,,,,,,,,
"Tipo_Fertilizacion_2_3",,"character",,,124,35.1274787535411,,,,,,,,
"Tipo_Fertilizacion_2_4",,"character",,,183,51.8413597733711,,,,,,,,
"Tipo_Fertilizacion_2_5",,"character",,,307,86.9688385269122,,,,,,,,
"Tipo_Fertilizacion_2_6",,"character",,,340,96.3172804532578,,,,,,,,
"Tipo_Fertilizacion_2_7",,"character",,,345,97.7337110481586,,,,,,,,
"Tipo_Fertilizacion_3_1",,"character",,,234,66.2889518413598,,,,,,,,
"Tipo_Fertilizacion_3_2",,"character",,,212,60.056657223796,,,,,,,,
"Tipo_Fertilizacion_3_3",,"character",,,226,64.0226628895184,,,,,,,,
"Tipo_Fertilizacion_3_4",,"character",,,281,79.6033994334278,,,,,,,,
"Tipo_Fertilizacion_3_5",,"character",,,333,94.3342776203966,,,,,,,,
"Tipo_Fertilizacion_3_6",,"character",,,345,97.7337110481586,,,,,,,,
"Tipo_Fertilizacion_3_7",,"character",,,350,99.1501416430595,,,,,,,,
"Tipo_Fertilizacion_4_1",,"character",,,318,90.0849858356941,,,,,,,,
"Tipo_Fertilizacion_4_2",,"character",,,324,91.7847025495751,,,,,,,,
"Tipo_Fertilizacion_4_3",,"character",,,339,96.0339943342776,,,,,,,,
"Tipo_Fertilizacion_4_4",,"character",,,347,98.300283286119,,,,,,,,
"Tipo_Fertilizacion_4_5",,"character",,,349,98.8668555240793,,,,,,,,
"Tipo_Fertilizacion_4_6",,"character",,,349,98.8668555240793,,,,,,,,
"Tipo_Fertilizacion_4_7",,"character",,,352,99.7167138810198,,,,,,,,
"Tipo_Fertilizacion_5_1",,"character",,,341,96.600566572238,,,,,,,,
"Tipo_Fertilizacion_5_2",,"character",,,350,99.1501416430595,,,,,,,,
"Tipo_Fertilizacion_5_3",,"character",,,350,99.1501416430595,,,,,,,,
"Tipo_Fertilizacion_5_4",,"character",,,352,99.7167138810198,,,,,,,,
"Tipo_Fertilizacion_5_5",,"character",,,352,99.7167138810198,,,,,,,,
"Tipo_Fertilizacion_5_6",,"character",,,351,99.4334277620397,,,,,,,,
"Tipo_Fertilizacion_5_7",,"character",,,352,99.7167138810198,,,,,,,,
"Tipo_Nivel_0_1_1",,"character",,,3,0.84985835694051,,,,,,,,
"Tipo_Nivel_0_1_2",,"character",,,9,2.54957507082153,,,,,,,,
"Tipo_Nivel_0_1_3",,"character",,,21,5.94900849858357,,,,,,,,
"Tipo_Nivel_0_1_4",,"character",,,60,16.9971671388102,,,,,,,,
"Tipo_Nivel_0_1_5",,"character",,,220,62.3229461756374,,,,,,,,
"Tipo_Nivel_0_1_6",,"character",,,320,90.6515580736544,,,,,,,,
"Tipo_Nivel_0_1_7",,"character",,,338,95.7507082152975,,,,,,,,
"Tipo_Nivel_0_2_1",,"character",,,140,39.6600566572238,,,,,,,,
"Tipo_Nivel_0_2_2",,"character",,,104,29.4617563739377,,,,,,,,
"Tipo_Nivel_0_2_3",,"character",,,124,35.1274787535411,,,,,,,,
"Tipo_Nivel_0_2_4",,"character",,,183,51.8413597733711,,,,,,,,
"Tipo_Nivel_0_2_5",,"character",,,307,86.9688385269122,,,,,,,,
"Tipo_Nivel_0_2_6",,"character",,,340,96.3172804532578,,,,,,,,
"Tipo_Nivel_0_2_7",,"character",,,345,97.7337110481586,,,,,,,,
"Tipo_Nivel_0_3_1",,"character",,,234,66.2889518413598,,,,,,,,
"Tipo_Nivel_0_3_2",,"character",,,212,60.056657223796,,,,,,,,
"Tipo_Nivel_0_3_3",,"character",,,226,64.0226628895184,,,,,,,,
"Tipo_Nivel_0_3_4",,"character",,,281,79.6033994334278,,,,,,,,
"Tipo_Nivel_0_3_5",,"character",,,333,94.3342776203966,,,,,,,,
"Tipo_Nivel_0_3_6",,"character",,,345,97.7337110481586,,,,,,,,
"Tipo_Nivel_0_3_7",,"character",,,350,99.1501416430595,,,,,,,,
"Tipo_Nivel_0_4_1",,"character",,,318,90.0849858356941,,,,,,,,
"Tipo_Nivel_0_4_2",,"character",,,324,91.7847025495751,,,,,,,,
"Tipo_Nivel_0_4_3",,"character",,,339,96.0339943342776,,,,,,,,
"Tipo_Nivel_0_4_4",,"character",,,347,98.300283286119,,,,,,,,
"Tipo_Nivel_0_4_5",,"character",,,349,98.8668555240793,,,,,,,,
"Tipo_Nivel_0_4_6",,"character",,,349,98.8668555240793,,,,,,,,
"Tipo_Nivel_0_4_7",,"character",,,352,99.7167138810198,,,,,,,,
"Tipo_Nivel_0_5_1",,"character",,,341,96.600566572238,,,,,,,,
"Tipo_Nivel_0_5_2",,"character",,,350,99.1501416430595,,,,,,,,
"Tipo_Nivel_0_5_3",,"character",,,350,99.1501416430595,,,,,,,,
"Tipo_Nivel_0_5_4",,"character",,,352,99.7167138810198,,,,,,,,
"Tipo_Nivel_0_5_5",,"character",,,352,99.7167138810198,,,,,,,,
"Tipo_Nivel_0_5_6",,"character",,,351,99.4334277620397,,,,,,,,
"Tipo_Nivel_0_5_7",,"character",,,352,99.7167138810198,,,,,,,,
"Tipo_Nivel_1_1_1",,"character",,,3,0.84985835694051,,,,,,,,
"Tipo_Nivel_1_1_2",,"character",,,9,2.54957507082153,,,,,,,,
"Tipo_Nivel_1_1_3",,"character",,,21,5.94900849858357,,,,,,,,
"Tipo_Nivel_1_1_4",,"character",,,60,16.9971671388102,,,,,,,,
"Tipo_Nivel_1_1_5",,"character",,,220,62.3229461756374,,,,,,,,
"Tipo_Nivel_1_1_6",,"character",,,320,90.6515580736544,,,,,,,,
"Tipo_Nivel_1_1_7",,"character",,,338,95.7507082152975,,,,,,,,
"Tipo_Nivel_1_2_1",,"character",,,140,39.6600566572238,,,,,,,,
"Tipo_Nivel_1_2_2",,"character",,,104,29.4617563739377,,,,,,,,
"Tipo_Nivel_1_2_3",,"character",,,124,35.1274787535411,,,,,,,,
"Tipo_Nivel_1_2_4",,"character",,,183,51.8413597733711,,,,,,,,
"Tipo_Nivel_1_2_5",,"character",,,307,86.9688385269122,,,,,,,,
"Tipo_Nivel_1_2_6",,"character",,,340,96.3172804532578,,,,,,,,
"Tipo_Nivel_1_2_7",,"character",,,345,97.7337110481586,,,,,,,,
"Tipo_Nivel_1_3_1",,"character",,,234,66.2889518413598,,,,,,,,
"Tipo_Nivel_1_3_2",,"character",,,212,60.056657223796,,,,,,,,
"Tipo_Nivel_1_3_3",,"character",,,226,64.0226628895184,,,,,,,,
"Tipo_Nivel_1_3_4",,"character",,,281,79.6033994334278,,,,,,,,
"Tipo_Nivel_1_3_5",,"character",,,333,94.3342776203966,,,,,,,,
"Tipo_Nivel_1_3_6",,"character",,,345,97.7337110481586,,,,,,,,
"Tipo_Nivel_1_3_7",,"character",,,350,99.1501416430595,,,,,,,,
"Tipo_Nivel_1_4_1",,"character",,,318,90.0849858356941,,,,,,,,
"Tipo_Nivel_1_4_2",,"character",,,324,91.7847025495751,,,,,,,,
"Tipo_Nivel_1_4_3",,"character",,,339,96.0339943342776,,,,,,,,
"Tipo_Nivel_1_4_4",,"character",,,347,98.300283286119,,,,,,,,
"Tipo_Nivel_1_4_5",,"character",,,349,98.8668555240793,,,,,,,,
"Tipo_Nivel_1_4_6",,"character",,,349,98.8668555240793,,,,,,,,
"Tipo_Nivel_1_4_7",,"character",,,352,99.7167138810198,,,,,,,,
"Tipo_Nivel_1_5_1",,"character",,,341,96.600566572238,,,,,,,,
"Tipo_Nivel_1_5_2",,"character",,,350,99.1501416430595,,,,,,,,
"Tipo_Nivel_1_5_3",,"character",,,350,99.1501416430595,,,,,,,,
"Tipo_Nivel_1_5_4",,"character",,,352,99.7167138810198,,,,,,,,
"Tipo_Nivel_1_5_5",,"character",,,352,99.7167138810198,,,,,,,,
"Tipo_Nivel_1_5_6",,"character",,,351,99.4334277620397,,,,,,,,
"Tipo_Nivel_1_5_7",,"character",,,352,99.7167138810198,,,,,,,,
"Tipo_Nivel_2_1_1",,"character",,,3,0.84985835694051,,,,,,,,
"Tipo_Nivel_2_1_2",,"character",,,9,2.54957507082153,,,,,,,,
"Tipo_Nivel_2_1_3",,"character",,,21,5.94900849858357,,,,,,,,
"Tipo_Nivel_2_1_4",,"character",,,60,16.9971671388102,,,,,,,,
"Tipo_Nivel_2_1_5",,"character",,,220,62.3229461756374,,,,,,,,
"Tipo_Nivel_2_1_6",,"character",,,320,90.6515580736544,,,,,,,,
"Tipo_Nivel_2_1_7",,"character",,,338,95.7507082152975,,,,,,,,
"Tipo_Nivel_2_2_1",,"character",,,140,39.6600566572238,,,,,,,,
"Tipo_Nivel_2_2_2",,"character",,,104,29.4617563739377,,,,,,,,
"Tipo_Nivel_2_2_3",,"character",,,124,35.1274787535411,,,,,,,,
"Tipo_Nivel_2_2_4",,"character",,,183,51.8413597733711,,,,,,,,
"Tipo_Nivel_2_2_5",,"character",,,307,86.9688385269122,,,,,,,,
"Tipo_Nivel_2_2_6",,"character",,,340,96.3172804532578,,,,,,,,
"Tipo_Nivel_2_2_7",,"character",,,345,97.7337110481586,,,,,,,,
"Tipo_Nivel_2_3_1",,"character",,,234,66.2889518413598,,,,,,,,
"Tipo_Nivel_2_3_2",,"character",,,212,60.056657223796,,,,,,,,
"Tipo_Nivel_2_3_3",,"character",,,226,64.0226628895184,,,,,,,,
"Tipo_Nivel_2_3_4",,"character",,,281,79.6033994334278,,,,,,,,
"Tipo_Nivel_2_3_5",,"character",,,333,94.3342776203966,,,,,,,,
"Tipo_Nivel_2_3_6",,"character",,,345,97.7337110481586,,,,,,,,
"Tipo_Nivel_2_3_7",,"character",,,350,99.1501416430595,,,,,,,,
"Tipo_Nivel_2_4_1",,"character",,,318,90.0849858356941,,,,,,,,
"Tipo_Nivel_2_4_2",,"character",,,324,91.7847025495751,,,,,,,,
"Tipo_Nivel_2_4_3",,"character",,,339,96.0339943342776,,,,,,,,
"Tipo_Nivel_2_4_4",,"character",,,347,98.300283286119,,,,,,,,
"Tipo_Nivel_2_4_5",,"character",,,349,98.8668555240793,,,,,,,,
"Tipo_Nivel_2_4_6",,"character",,,349,98.8668555240793,,,,,,,,
"Tipo_Nivel_2_4_7",,"character",,,352,99.7167138810198,,,,,,,,
"Tipo_Nivel_2_5_1",,"character",,,341,96.600566572238,,,,,,,,
"Tipo_Nivel_2_5_2",,"character",,,350,99.1501416430595,,,,,,,,
"Tipo_Nivel_2_5_3",,"character",,,350,99.1501416430595,,,,,,,,
"Tipo_Nivel_2_5_4",,"character",,,352,99.7167138810198,,,,,,,,
"Tipo_Nivel_2_5_5",,"character",,,352,99.7167138810198,,,,,,,,
"Tipo_Nivel_2_5_6",,"character",,,351,99.4334277620397,,,,,,,,
"Tipo_Nivel_2_5_7",,"character",,,352,99.7167138810198,,,,,,,,
"id_lote_g19","""ID lote""","numeric",,,2,0.56657223796034,1,5,1.13675213675214,1,0.543627754562932,0,,
"g20","G20 ¿Usted considera importante el recurso del agua para el manejo del cultivo d","factor","(1) Sí, (2) No",2,0,0,,,,,,,,
"g21","G21 ¿Dispone usted de sistema de riego en el lote principal?","factor","(1) Sí, (2) No",2,0,0,,,,,,,,
"g21_1","G21.1 Fuente de agua para riego","factor","(1) Distrito de riego, (2) Río, quebrada, caño o manantial, (3) Lago o laguna, (4) Ciénaga y humedal, (5) Pozos, aljibes, (6) Reservorios, estanque o atajos, (7) Agua lluvia, (8) NS/NR, (9) Otro, especifique",9,0,0,,,,,,,,
"g21_1a","G21.1 Otra fuente de agua para riego","character",,,0,0,,,,,,,,
"g21_3","G21.3 ¿Cuál es el tipo de riego usado en el lote principal?  ","factor","(1) Inundación, (2) Corrido, (3) Aspersión, (4) NS/NR, (5) Otro, especifique",5,0,0,,,,,,,,
"g21_3a","G21.3 Otro tipo de riego usado","character",,,351,99.4334277620397,,,,,,,,
"g21_4","G21.4 ¿Cómo ingresa el agua al lote?","factor","(1) Bombeo, (2) Gravedad, (3) Otro, especifique",3,0,0,,,,,,,,
"g21_4a","G21.4 Otra forma en la que ingresa agua al lote","character",,,0,0,,,,,,,,
"g21_5","G21.5 ¿Realiza fertirriego?  ","factor","(1) Sí, (2) No, (3) No lo conoce",3,0,0,,,,,,,,
"g23","G23 ¿A los cuántos días después de la germinación inició el riego?","numeric",,,0,0,-99,120,5.02549575070821,5,16.9414743356493,9,,
"g24","G24 ¿En total, cuántos riegos realizó en la etapa de cultivo? ","numeric",,,0,0,-99,90,-8.13314447592068,15,49.6789906152499,17,,
"g25","G25 En este lote, ¿Hubo periodos de drenaje en la etapa de cultivo? ","factor","(1) Inundación continúa, (2) Un único periodo de drenaje, (3) Múltiples periodos de drenaje",3,0,0,,,,,,,,
"g26","G26 ¿Con qué frecuencia regó este lote en la etapa de cultivo?","factor","(1) Diario, (2) Semanal, (3) Quincenal, (4) Mensual, (5) NS/NR, (6) No aplica, (7) Otro, especifique",7,0,0,,,,,,,,
"g26a","G26 Otra frecuencia","character",,,0,0,,,,,,,,
"g27","G27 ¿Cuál fue la altura promedio de la lámina de agua? ","numeric",,,205,58.0736543909348,-99,50,4.41067567567568,7,22.2550777714927,5,,
"g28","G28¿Tiene mecanismos de medición de cantidad de agua usada para el cultivo del a","factor","(1) Sí, (2) No",2,0,0,,,,,,,,
"g29","G29 ¿Conoce la cantidad de agua utilizada en el cultivo del arroz?","factor","(1) Sí, (2) No",2,289,81.8696883852691,,,,,,,,
"g29_c","G29c ¿Qué cantidad de agua utilizó en el último periodo de producción?","numeric",,,291,82.4362606232295,0.8,17000,835.23064516129,4,3533.87795300721,18.25,,
"g29_u","G29c Unidad utilizada para medir el agua que utilizó en el último periodo","character",,,289,81.8696883852691,,,,,,,,
"g30","G30 Haciendo una comparación de hace 5 años, considera que la cantidad de agua u","factor","(1) Aumentado, (2) Sigue igual, (3) Disminuido, (4) No se acuerda",4,0,0,,,,,,,,
"g31","G31 ¿Considera usted que es suficiente el agua utilizada en el cultivo de arroz?","factor","(1) Sí, (2) No",2,0,0,,,,,,,,
"g32","G32 ¿Cuál es el tipo de mano de obra utilizada para el riego?","factor","(1) Familiar, (2) Contratada, (3) Familiar y contratada, (4) No requirió mano de obra, (5) Contrato (por toda la actividad)",5,0,0,,,,,,,,
"g33_a","G33 Cantidad de mano de obra familiar de hombres usada para  el riego:","numeric",,,312,88.385269121813,0,20,9.46341463414634,8,6.22132446097939,10,,
"g33_b","G33 Cantidad de mano de obra familiar de mujeres usada para el riego:","numeric",,,312,88.385269121813,0,8,0.51219512195122,0,1.83196549120763,0,,
"g34_a","G34 Cantidad de mano de obra contratada de hombres para el riego:","numeric",,,303,85.8356940509915,1,200,28.4,24,35.8995196375116,28,,
"g34_b","G34 Cantidad de mano de obra contratada de mujeres usada para el riego:","numeric",,,303,85.8356940509915,0,8,0.16,0,1.13137084989848,0,,
"g35","G35 ¿Cuánto pagó en TOTAL por hacer todas las actividades de preparación de suel","numeric",,,5,1.41643059490085,0,12000000,1361557.73563218,725000,1769319.22795629,1620000,,
"g36","G36 ¿Cuál fue el costo TOTAL del agua utilizada en riego en el último periodo de","numeric",,,37,10.4815864022663,0,32000000,2496629.51265823,1200000,4566563.91852561,1920000,,
"g37","G37. ¿Cómo realizó el control de maleza en su Lote de arroz durante el último pe","factor","(1) insumos químicos únicamente , (2) Control manual únicamente, (3) Manual y químico , (4) No realizó control de maleza",4,1,0.28328611898017,,,,,,,,
"g38","G38. ¿Cuántas veces controló maleza en la Lote de arroz durante el último period","numeric",,,11,3.11614730878187,1,450000,1318.15789473684,2,24333.0847425756,1,,
"g38_1","G38.1 ¿ ¿Cuántas veces controló maleza manualmente en la Lote de arroz durante e","numeric",,,265,75.070821529745,1,600000,6820.90909090909,2,63959.9209093263,2,,
"g38_2","G38.2. ¿En total cuantos jornales utilizó para el control manual de maleza en el","numeric",,,271,76.7705382436261,1,560,29.8780487804878,12,70.685774887557,21,,
"g44","G44 Tipo de mano de obra utilizada para control de maleza","factor","(1) Familiar, (2) Contratada, (3) Familiar y contratada, (4) No requirió mano de obra, (5) Contrato (por toda la actividad)",5,11,3.11614730878187,,,,,,,,
"g45_a","G45 Cantidad de mano de obra familiar de hombres usada para  control de maleza:","numeric",,,330,93.4844192634561,1,15,3.69565217391304,2,3.63611659239879,3.5,,
"g45_b","G45 Cantidad de mano de obra familiar de mujeres usada para control de maleza:","numeric",,,330,93.4844192634561,0,10,0.434782608695652,0,2.08514414057075,0,,
"g46_a","G46 Cantidad de mano de obra contratada de hombres para control de maleza:","numeric",,,297,84.1359773371105,0,36,5.94642857142857,3.5,6.39721428821566,6,,
"g46_b","G46 Cantidad de mano de obra contratada de mujeres usada para control de maleza:","numeric",,,298,84.4192634560906,0,32,0.709090909090909,0,4.33193450615964,0,,
"g47","G47 ¿Cuánto pagó en TOTAL por hacer todas las aplicaciones de control de maleza?","numeric",,,26,7.36543909348442,0,20000000,838587.155963303,280000,1907230.73776452,630000,,
"g48","G48. ¿Tuvo plagas y/o enfermedades en la Lote principal con el cultivo del arroz","factor","(1) Sí, (2) No",2,1,0.28328611898017,,,,,,,,
"g49","G49. ¿De qué manera hizo control de estas plagas y/o enfermedades en el último p","factor","(1) Control químico , (2) Control biológico, (3) Control Cultural , (4) No controló de  ninguna forma",4,1,0.28328611898017,,,,,,,,
"g50","G50. ¿Cuántos controles de plagas y/o enfermedades hizo?","numeric",,,75,21.2464589235127,0,25,2.28057553956835,2,1.71225684237885,1,,
"g56","G56 Tipo de mano de obra utilizada para la aplicación de insumos para control de","factor","(1) Familiar, (2) Contratada, (3) Familiar y contratada, (4) No requirió mano de obra, (5) Contrato (por toda la actividad)",5,83,23.5127478753541,,,,,,,,
"g57_a","G57 Cantidad de mano de obra familiar de hombres usada para la aplicación de ins","numeric",,,332,94.0509915014164,0,15,2.19047619047619,2,3.02686384925136,1,,
"g57_b","G57 Cantidad de mano de obra familiar de mujeres usada para la aplicación de ins","numeric",,,332,94.0509915014164,0,1,0.0952380952380952,0,0.300792603759119,0,,
"g58_a","G58 Cantidad de mano de obra contratada de hombres para la aplicación de insumos","numeric",,,313,88.6685552407932,1,18,4.75,3,4.2290206176626,4,,
"g58_b","G58 Cantidad de mano de obra contratada de mujeres usada para control de maleza:","numeric",,,313,88.6685552407932,0,9,0.375,0,1.68990213644732,0,,
"g59","G59 ¿Cuánto pagó en TOTAL por hacer todas las aplicaciones de insumos para contr","numeric",,,80,22.6628895184136,0,20000000,667771.101831502,240000,1688626.20536979,500000,,
"id_lote_g39_1","""ID lote""","numeric",,,12,3.39943342776204,1,5,1.14369501466276,1,0.552957141945029,0,,
"id_lote_g39_2","""ID lote""","numeric",,,109,30.8781869688385,1,5,1.17622950819672,1,0.6331777948955,0,,
"id_lote_g39_3","""ID lote""","numeric",,,225,63.7393767705383,1,5,1.25,1,0.773579470287568,0,,
"id_lote_g39_4","""ID lote""","numeric",,,298,84.4192634560906,1,5,1.32727272727273,1,0.924051975741654,0,,
"id_lote_g39_5","""ID lote""","numeric",,,323,91.5014164305949,1,5,1.43333333333333,1,1.1351236704106,0,,
"id_lote_g39_6","""ID lote""","numeric",,,342,96.8838526912181,1,4,1.36363636363636,1,0.924416277737175,0,,
"id_lote_g39_7","""ID lote""","numeric",,,347,98.300283286119,1,1,1,1,0,0,,
"id_lote_g39_8","""ID lote""","numeric",,,352,99.7167138810198,1,1,1,1,,0,,
"id_insumo_g40_1","""ID del insumo""","numeric",,,12,3.39943342776204,1,2,1.00293255131965,1,0.0541530361073882,0,,
"id_insumo_g40_2","""ID del insumo""","numeric",,,109,30.8781869688385,2,2,2,2,0,0,,
"id_insumo_g40_3","""ID del insumo""","numeric",,,225,63.7393767705383,3,3,3,3,0,0,,
"id_insumo_g40_4","""ID del insumo""","numeric",,,298,84.4192634560906,4,4,4,4,0,0,,
"id_insumo_g40_5","""ID del insumo""","numeric",,,323,91.5014164305949,5,5,5,5,0,0,,
"id_insumo_g40_6","""ID del insumo""","numeric",,,342,96.8838526912181,6,6,6,6,0,0,,
"id_insumo_g40_7","""ID del insumo""","numeric",,,347,98.300283286119,7,7,7,7,0,0,,
"id_insumo_g40_8","""ID del insumo""","numeric",,,352,99.7167138810198,8,8,8,8,,0,,
"g41_1","G41 ¿Qué producto de control de maleza utilizó en el Lote?","character",,,12,3.39943342776204,,,,,,,,
"g41_2","G41 ¿Qué producto de control de maleza utilizó en el Lote?","character",,,109,30.8781869688385,,,,,,,,
"g41_3","G41 ¿Qué producto de control de maleza utilizó en el Lote?","character",,,225,63.7393767705383,,,,,,,,
"g41_4","G41 ¿Qué producto de control de maleza utilizó en el Lote?","character",,,298,84.4192634560906,,,,,,,,
"g41_5","G41 ¿Qué producto de control de maleza utilizó en el Lote?","character",,,323,91.5014164305949,,,,,,,,
"g41_6","G41 ¿Qué producto de control de maleza utilizó en el Lote?","character",,,342,96.8838526912181,,,,,,,,
"g41_7","G41 ¿Qué producto de control de maleza utilizó en el Lote?","character",,,347,98.300283286119,,,,,,,,
"g41_8","G41 ¿Qué producto de control de maleza utilizó en el Lote?","character",,,352,99.7167138810198,,,,,,,,
"g41_c_1","G41 Nombre de insumo corregido","character",,,12,3.39943342776204,,,,,,,,
"g41_c_2","G41 Nombre de insumo corregido","character",,,109,30.8781869688385,,,,,,,,
"g41_c_3","G41 Nombre de insumo corregido","character",,,225,63.7393767705383,,,,,,,,
"g41_c_4","G41 Nombre de insumo corregido","character",,,298,84.4192634560906,,,,,,,,
"g41_c_5","G41 Nombre de insumo corregido","character",,,323,91.5014164305949,,,,,,,,
"g41_c_6","G41 Nombre de insumo corregido","character",,,342,96.8838526912181,,,,,,,,
"g41_c_7","G41 Nombre de insumo corregido","character",,,347,98.300283286119,,,,,,,,
"g41_c_8","G41 Nombre de insumo corregido","character",,,352,99.7167138810198,,,,,,,,
"g41_1_1","G41.1 ¿Para qué maleza aplicó este insumo? (selección múltiple)","character",,,12,3.39943342776204,,,,,,,,
"g41_1_2","G41.1 ¿Para qué maleza aplicó este insumo? (selección múltiple)","character",,,110,31.1614730878187,,,,,,,,
"g41_1_3","G41.1 ¿Para qué maleza aplicó este insumo? (selección múltiple)","character",,,226,64.0226628895184,,,,,,,,
"g41_1_4","G41.1 ¿Para qué maleza aplicó este insumo? (selección múltiple)","character",,,298,84.4192634560906,,,,,,,,
"g41_1_5","G41.1 ¿Para qué maleza aplicó este insumo? (selección múltiple)","character",,,323,91.5014164305949,,,,,,,,
"g41_1_6","G41.1 ¿Para qué maleza aplicó este insumo? (selección múltiple)","character",,,342,96.8838526912181,,,,,,,,
"g41_1_7","G41.1 ¿Para qué maleza aplicó este insumo? (selección múltiple)","character",,,347,98.300283286119,,,,,,,,
"g41_1_8","G41.1 ¿Para qué maleza aplicó este insumo? (selección múltiple)","character",,,352,99.7167138810198,,,,,,,,
"g41_1_A_1","G41.1 ¿Para qué maleza aplicó este insumo?: Inundación","factor","(1) Sí, (2) No",2,12,3.39943342776204,,,,,,,,
"g41_1_A_2","G41.1 ¿Para qué maleza aplicó este insumo?: Inundación","factor","(1) Sí, (2) No",2,110,31.1614730878187,,,,,,,,
"g41_1_A_3","G41.1 ¿Para qué maleza aplicó este insumo?: Inundación","factor","(1) Sí, (2) No",2,226,64.0226628895184,,,,,,,,
"g41_1_A_4","G41.1 ¿Para qué maleza aplicó este insumo?: Inundación","factor","(1) Sí, (2) No",2,298,84.4192634560906,,,,,,,,
"g41_1_A_5","G41.1 ¿Para qué maleza aplicó este insumo?: Inundación","factor","(1) Sí, (2) No",2,323,91.5014164305949,,,,,,,,
"g41_1_A_6","G41.1 ¿Para qué maleza aplicó este insumo?: Inundación","factor","(1) Sí, (2) No",2,342,96.8838526912181,,,,,,,,
"g41_1_A_7","G41.1 ¿Para qué maleza aplicó este insumo?: Inundación","factor","(1) Sí, (2) No",2,347,98.300283286119,,,,,,,,
"g41_1_A_8","G41.1 ¿Para qué maleza aplicó este insumo?: Inundación","factor","(1) Sí, (2) No",2,352,99.7167138810198,,,,,,,,
"g41_1_B_1","G41.1 ¿Para qué maleza aplicó este insumo?: Altas temperaturas","factor","(1) Sí, (2) No",2,12,3.39943342776204,,,,,,,,
"g41_1_B_2","G41.1 ¿Para qué maleza aplicó este insumo?: Altas temperaturas","factor","(1) Sí, (2) No",2,110,31.1614730878187,,,,,,,,
"g41_1_B_3","G41.1 ¿Para qué maleza aplicó este insumo?: Altas temperaturas","factor","(1) Sí, (2) No",2,226,64.0226628895184,,,,,,,,
"g41_1_B_4","G41.1 ¿Para qué maleza aplicó este insumo?: Altas temperaturas","factor","(1) Sí, (2) No",2,298,84.4192634560906,,,,,,,,
"g41_1_B_5","G41.1 ¿Para qué maleza aplicó este insumo?: Altas temperaturas","factor","(1) Sí, (2) No",2,323,91.5014164305949,,,,,,,,
"g41_1_B_6","G41.1 ¿Para qué maleza aplicó este insumo?: Altas temperaturas","factor","(1) Sí, (2) No",2,342,96.8838526912181,,,,,,,,
"g41_1_B_7","G41.1 ¿Para qué maleza aplicó este insumo?: Altas temperaturas","factor","(1) Sí, (2) No",2,347,98.300283286119,,,,,,,,
"g41_1_B_8","G41.1 ¿Para qué maleza aplicó este insumo?: Altas temperaturas","factor","(1) Sí, (2) No",2,352,99.7167138810198,,,,,,,,
"g41_1_C_1","G41.1 ¿Para qué maleza aplicó este insumo?: Exceso de precipitación (lluvia)","factor","(1) Sí, (2) No",2,12,3.39943342776204,,,,,,,,
"g41_1_C_2","G41.1 ¿Para qué maleza aplicó este insumo?: Exceso de precipitación (lluvia)","factor","(1) Sí, (2) No",2,110,31.1614730878187,,,,,,,,
"g41_1_C_3","G41.1 ¿Para qué maleza aplicó este insumo?: Exceso de precipitación (lluvia)","factor","(1) Sí, (2) No",2,226,64.0226628895184,,,,,,,,
"g41_1_C_4","G41.1 ¿Para qué maleza aplicó este insumo?: Exceso de precipitación (lluvia)","factor","(1) Sí, (2) No",2,298,84.4192634560906,,,,,,,,
"g41_1_C_5","G41.1 ¿Para qué maleza aplicó este insumo?: Exceso de precipitación (lluvia)","factor","(1) Sí, (2) No",2,323,91.5014164305949,,,,,,,,
"g41_1_C_6","G41.1 ¿Para qué maleza aplicó este insumo?: Exceso de precipitación (lluvia)","factor","(1) Sí, (2) No",2,342,96.8838526912181,,,,,,,,
"g41_1_C_7","G41.1 ¿Para qué maleza aplicó este insumo?: Exceso de precipitación (lluvia)","factor","(1) Sí, (2) No",2,347,98.300283286119,,,,,,,,
"g41_1_C_8","G41.1 ¿Para qué maleza aplicó este insumo?: Exceso de precipitación (lluvia)","factor","(1) Sí, (2) No",2,352,99.7167138810198,,,,,,,,
"g41_1_D_1","G41.1 ¿Para qué maleza aplicó este insumo?: Lluvias inoportunas","factor","(1) Sí, (2) No",2,12,3.39943342776204,,,,,,,,
"g41_1_D_2","G41.1 ¿Para qué maleza aplicó este insumo?: Lluvias inoportunas","factor","(1) Sí, (2) No",2,110,31.1614730878187,,,,,,,,
"g41_1_D_3","G41.1 ¿Para qué maleza aplicó este insumo?: Lluvias inoportunas","factor","(1) Sí, (2) No",2,226,64.0226628895184,,,,,,,,
"g41_1_D_4","G41.1 ¿Para qué maleza aplicó este insumo?: Lluvias inoportunas","factor","(1) Sí, (2) No",2,298,84.4192634560906,,,,,,,,
"g41_1_D_5","G41.1 ¿Para qué maleza aplicó este insumo?: Lluvias inoportunas","factor","(1) Sí, (2) No",2,323,91.5014164305949,,,,,,,,
"g41_1_D_6","G41.1 ¿Para qué maleza aplicó este insumo?: Lluvias inoportunas","factor","(1) Sí, (2) No",2,342,96.8838526912181,,,,,,,,
"g41_1_D_7","G41.1 ¿Para qué maleza aplicó este insumo?: Lluvias inoportunas","factor","(1) Sí, (2) No",2,347,98.300283286119,,,,,,,,
"g41_1_D_8","G41.1 ¿Para qué maleza aplicó este insumo?: Lluvias inoportunas","factor","(1) Sí, (2) No",2,352,99.7167138810198,,,,,,,,
"g41_1_E_1","G41.1 ¿Para qué maleza aplicó este insumo?: Tormenta de granizo","factor","(1) Sí, (2) No",2,12,3.39943342776204,,,,,,,,
"g41_1_E_2","G41.1 ¿Para qué maleza aplicó este insumo?: Tormenta de granizo","factor","(1) Sí, (2) No",2,110,31.1614730878187,,,,,,,,
"g41_1_E_3","G41.1 ¿Para qué maleza aplicó este insumo?: Tormenta de granizo","factor","(1) Sí, (2) No",2,226,64.0226628895184,,,,,,,,
"g41_1_E_4","G41.1 ¿Para qué maleza aplicó este insumo?: Tormenta de granizo","factor","(1) Sí, (2) No",2,298,84.4192634560906,,,,,,,,
"g41_1_E_5","G41.1 ¿Para qué maleza aplicó este insumo?: Tormenta de granizo","factor","(1) Sí, (2) No",2,323,91.5014164305949,,,,,,,,
"g41_1_E_6","G41.1 ¿Para qué maleza aplicó este insumo?: Tormenta de granizo","factor","(1) Sí, (2) No",2,342,96.8838526912181,,,,,,,,
"g41_1_E_7","G41.1 ¿Para qué maleza aplicó este insumo?: Tormenta de granizo","factor","(1) Sí, (2) No",2,347,98.300283286119,,,,,,,,
"g41_1_E_8","G41.1 ¿Para qué maleza aplicó este insumo?: Tormenta de granizo","factor","(1) Sí, (2) No",2,352,99.7167138810198,,,,,,,,
"g41_1_F_1","G41.1 ¿Para qué maleza aplicó este insumo?: Helada","factor","(1) Sí, (2) No",2,12,3.39943342776204,,,,,,,,
"g41_1_F_2","G41.1 ¿Para qué maleza aplicó este insumo?: Helada","factor","(1) Sí, (2) No",2,110,31.1614730878187,,,,,,,,
"g41_1_F_3","G41.1 ¿Para qué maleza aplicó este insumo?: Helada","factor","(1) Sí, (2) No",2,226,64.0226628895184,,,,,,,,
"g41_1_F_4","G41.1 ¿Para qué maleza aplicó este insumo?: Helada","factor","(1) Sí, (2) No",2,298,84.4192634560906,,,,,,,,
"g41_1_F_5","G41.1 ¿Para qué maleza aplicó este insumo?: Helada","factor","(1) Sí, (2) No",2,323,91.5014164305949,,,,,,,,
"g41_1_F_6","G41.1 ¿Para qué maleza aplicó este insumo?: Helada","factor","(1) Sí, (2) No",2,342,96.8838526912181,,,,,,,,
"g41_1_F_7","G41.1 ¿Para qué maleza aplicó este insumo?: Helada","factor","(1) Sí, (2) No",2,347,98.300283286119,,,,,,,,
"g41_1_F_8","G41.1 ¿Para qué maleza aplicó este insumo?: Helada","factor","(1) Sí, (2) No",2,352,99.7167138810198,,,,,,,,
"g41_1_G_1","G41.1 ¿Para qué maleza aplicó este insumo?: Sequía","factor","(1) Sí, (2) No",2,12,3.39943342776204,,,,,,,,
"g41_1_G_2","G41.1 ¿Para qué maleza aplicó este insumo?: Sequía","factor","(1) Sí, (2) No",2,110,31.1614730878187,,,,,,,,
"g41_1_G_3","G41.1 ¿Para qué maleza aplicó este insumo?: Sequía","factor","(1) Sí, (2) No",2,226,64.0226628895184,,,,,,,,
"g41_1_G_4","G41.1 ¿Para qué maleza aplicó este insumo?: Sequía","factor","(1) Sí, (2) No",2,298,84.4192634560906,,,,,,,,
"g41_1_G_5","G41.1 ¿Para qué maleza aplicó este insumo?: Sequía","factor","(1) Sí, (2) No",2,323,91.5014164305949,,,,,,,,
"g41_1_G_6","G41.1 ¿Para qué maleza aplicó este insumo?: Sequía","factor","(1) Sí, (2) No",2,342,96.8838526912181,,,,,,,,
"g41_1_G_7","G41.1 ¿Para qué maleza aplicó este insumo?: Sequía","factor","(1) Sí, (2) No",2,347,98.300283286119,,,,,,,,
"g41_1_G_8","G41.1 ¿Para qué maleza aplicó este insumo?: Sequía","factor","(1) Sí, (2) No",2,352,99.7167138810198,,,,,,,,
"g41_1_H_1","G41.1 ¿Para qué maleza aplicó este insumo?: Vientos fuertes","factor","(1) Sí, (2) No",2,12,3.39943342776204,,,,,,,,
"g41_1_H_2","G41.1 ¿Para qué maleza aplicó este insumo?: Vientos fuertes","factor","(1) Sí, (2) No",2,110,31.1614730878187,,,,,,,,
"g41_1_H_3","G41.1 ¿Para qué maleza aplicó este insumo?: Vientos fuertes","factor","(1) Sí, (2) No",2,226,64.0226628895184,,,,,,,,
"g41_1_H_4","G41.1 ¿Para qué maleza aplicó este insumo?: Vientos fuertes","factor","(1) Sí, (2) No",2,298,84.4192634560906,,,,,,,,
"g41_1_H_5","G41.1 ¿Para qué maleza aplicó este insumo?: Vientos fuertes","factor","(1) Sí, (2) No",2,323,91.5014164305949,,,,,,,,
"g41_1_H_6","G41.1 ¿Para qué maleza aplicó este insumo?: Vientos fuertes","factor","(1) Sí, (2) No",2,342,96.8838526912181,,,,,,,,
"g41_1_H_7","G41.1 ¿Para qué maleza aplicó este insumo?: Vientos fuertes","factor","(1) Sí, (2) No",2,347,98.300283286119,,,,,,,,
"g41_1_H_8","G41.1 ¿Para qué maleza aplicó este insumo?: Vientos fuertes","factor","(1) Sí, (2) No",2,352,99.7167138810198,,,,,,,,
"g41_1_I_1","G41.1 ¿Para qué maleza aplicó este insumo?: Desprendimientos de tierra","factor","(1) Sí, (2) No",2,12,3.39943342776204,,,,,,,,
"g41_1_I_2","G41.1 ¿Para qué maleza aplicó este insumo?: Desprendimientos de tierra","factor","(1) Sí, (2) No",2,110,31.1614730878187,,,,,,,,
"g41_1_I_3","G41.1 ¿Para qué maleza aplicó este insumo?: Desprendimientos de tierra","factor","(1) Sí, (2) No",2,226,64.0226628895184,,,,,,,,
"g41_1_I_4","G41.1 ¿Para qué maleza aplicó este insumo?: Desprendimientos de tierra","factor","(1) Sí, (2) No",2,298,84.4192634560906,,,,,,,,
"g41_1_I_5","G41.1 ¿Para qué maleza aplicó este insumo?: Desprendimientos de tierra","factor","(1) Sí, (2) No",2,323,91.5014164305949,,,,,,,,
"g41_1_I_6","G41.1 ¿Para qué maleza aplicó este insumo?: Desprendimientos de tierra","factor","(1) Sí, (2) No",2,342,96.8838526912181,,,,,,,,
"g41_1_I_7","G41.1 ¿Para qué maleza aplicó este insumo?: Desprendimientos de tierra","factor","(1) Sí, (2) No",2,347,98.300283286119,,,,,,,,
"g41_1_I_8","G41.1 ¿Para qué maleza aplicó este insumo?: Desprendimientos de tierra","factor","(1) Sí, (2) No",2,352,99.7167138810198,,,,,,,,
"g41_1_J_1","G41.1 ¿Para qué maleza aplicó este insumo?: Incendios o quemas","factor","(1) Sí, (2) No",2,12,3.39943342776204,,,,,,,,
"g41_1_J_2","G41.1 ¿Para qué maleza aplicó este insumo?: Incendios o quemas","factor","(1) Sí, (2) No",2,110,31.1614730878187,,,,,,,,
"g41_1_J_3","G41.1 ¿Para qué maleza aplicó este insumo?: Incendios o quemas","factor","(1) Sí, (2) No",2,226,64.0226628895184,,,,,,,,
"g41_1_J_4","G41.1 ¿Para qué maleza aplicó este insumo?: Incendios o quemas","factor","(1) Sí, (2) No",2,298,84.4192634560906,,,,,,,,
"g41_1_J_5","G41.1 ¿Para qué maleza aplicó este insumo?: Incendios o quemas","factor","(1) Sí, (2) No",2,323,91.5014164305949,,,,,,,,
"g41_1_J_6","G41.1 ¿Para qué maleza aplicó este insumo?: Incendios o quemas","factor","(1) Sí, (2) No",2,342,96.8838526912181,,,,,,,,
"g41_1_J_7","G41.1 ¿Para qué maleza aplicó este insumo?: Incendios o quemas","factor","(1) Sí, (2) No",2,347,98.300283286119,,,,,,,,
"g41_1_J_8","G41.1 ¿Para qué maleza aplicó este insumo?: Incendios o quemas","factor","(1) Sí, (2) No",2,352,99.7167138810198,,,,,,,,
"g41_1_K_1","G41.1 ¿Para qué maleza aplicó este insumo?: Malezas","factor","(1) Sí, (2) No",2,12,3.39943342776204,,,,,,,,
"g41_1_K_2","G41.1 ¿Para qué maleza aplicó este insumo?: Malezas","factor","(1) Sí, (2) No",2,110,31.1614730878187,,,,,,,,
"g41_1_K_3","G41.1 ¿Para qué maleza aplicó este insumo?: Malezas","factor","(1) Sí, (2) No",2,226,64.0226628895184,,,,,,,,
"g41_1_K_4","G41.1 ¿Para qué maleza aplicó este insumo?: Malezas","factor","(1) Sí, (2) No",2,298,84.4192634560906,,,,,,,,
"g41_1_K_5","G41.1 ¿Para qué maleza aplicó este insumo?: Malezas","factor","(1) Sí, (2) No",2,323,91.5014164305949,,,,,,,,
"g41_1_K_6","G41.1 ¿Para qué maleza aplicó este insumo?: Malezas","factor","(1) Sí, (2) No",2,342,96.8838526912181,,,,,,,,
"g41_1_K_7","G41.1 ¿Para qué maleza aplicó este insumo?: Malezas","factor","(1) Sí, (2) No",2,347,98.300283286119,,,,,,,,
"g41_1_K_8","G41.1 ¿Para qué maleza aplicó este insumo?: Malezas","factor","(1) Sí, (2) No",2,352,99.7167138810198,,,,,,,,
"g41_1_L_1","G41.1 ¿Para qué maleza aplicó este insumo?: Plaga","factor","(1) Sí, (2) No",2,12,3.39943342776204,,,,,,,,
"g41_1_L_2","G41.1 ¿Para qué maleza aplicó este insumo?: Plaga","factor","(1) Sí, (2) No",2,110,31.1614730878187,,,,,,,,
"g41_1_L_3","G41.1 ¿Para qué maleza aplicó este insumo?: Plaga","factor","(1) Sí, (2) No",2,226,64.0226628895184,,,,,,,,
"g41_1_L_4","G41.1 ¿Para qué maleza aplicó este insumo?: Plaga","factor","(1) Sí, (2) No",2,298,84.4192634560906,,,,,,,,
"g41_1_L_5","G41.1 ¿Para qué maleza aplicó este insumo?: Plaga","factor","(1) Sí, (2) No",2,323,91.5014164305949,,,,,,,,
"g41_1_L_6","G41.1 ¿Para qué maleza aplicó este insumo?: Plaga","factor","(1) Sí, (2) No",2,342,96.8838526912181,,,,,,,,
"g41_1_L_7","G41.1 ¿Para qué maleza aplicó este insumo?: Plaga","factor","(1) Sí, (2) No",2,347,98.300283286119,,,,,,,,
"g41_1_L_8","G41.1 ¿Para qué maleza aplicó este insumo?: Plaga","factor","(1) Sí, (2) No",2,352,99.7167138810198,,,,,,,,
"g41_1_M_1","G41.1 ¿Para qué maleza aplicó este insumo?: Enfermedad de las plantas","factor","(1) Sí, (2) No",2,12,3.39943342776204,,,,,,,,
"g41_1_M_2","G41.1 ¿Para qué maleza aplicó este insumo?: Enfermedad de las plantas","factor","(1) Sí, (2) No",2,110,31.1614730878187,,,,,,,,
"g41_1_M_3","G41.1 ¿Para qué maleza aplicó este insumo?: Enfermedad de las plantas","factor","(1) Sí, (2) No",2,226,64.0226628895184,,,,,,,,
"g41_1_M_4","G41.1 ¿Para qué maleza aplicó este insumo?: Enfermedad de las plantas","factor","(1) Sí, (2) No",2,298,84.4192634560906,,,,,,,,
"g41_1_M_5","G41.1 ¿Para qué maleza aplicó este insumo?: Enfermedad de las plantas","factor","(1) Sí, (2) No",2,323,91.5014164305949,,,,,,,,
"g41_1_M_6","G41.1 ¿Para qué maleza aplicó este insumo?: Enfermedad de las plantas","factor","(1) Sí, (2) No",2,342,96.8838526912181,,,,,,,,
"g41_1_M_7","G41.1 ¿Para qué maleza aplicó este insumo?: Enfermedad de las plantas","factor","(1) Sí, (2) No",2,347,98.300283286119,,,,,,,,
"g41_1_M_8","G41.1 ¿Para qué maleza aplicó este insumo?: Enfermedad de las plantas","factor","(1) Sí, (2) No",2,352,99.7167138810198,,,,,,,,
"g41_1_0_1","G41.1 ¿Para qué maleza aplicó este insumo?: No fue atacado","factor","(1) Sí, (2) No",2,12,3.39943342776204,,,,,,,,
"g41_1_0_2","G41.1 ¿Para qué maleza aplicó este insumo?: No fue atacado","factor","(1) Sí, (2) No",2,110,31.1614730878187,,,,,,,,
"g41_1_0_3","G41.1 ¿Para qué maleza aplicó este insumo?: No fue atacado","factor","(1) Sí, (2) No",2,226,64.0226628895184,,,,,,,,
"g41_1_0_4","G41.1 ¿Para qué maleza aplicó este insumo?: No fue atacado","factor","(1) Sí, (2) No",2,298,84.4192634560906,,,,,,,,
"g41_1_0_5","G41.1 ¿Para qué maleza aplicó este insumo?: No fue atacado","factor","(1) Sí, (2) No",2,323,91.5014164305949,,,,,,,,
"g41_1_0_6","G41.1 ¿Para qué maleza aplicó este insumo?: No fue atacado","factor","(1) Sí, (2) No",2,342,96.8838526912181,,,,,,,,
"g41_1_0_7","G41.1 ¿Para qué maleza aplicó este insumo?: No fue atacado","factor","(1) Sí, (2) No",2,347,98.300283286119,,,,,,,,
"g41_1_0_8","G41.1 ¿Para qué maleza aplicó este insumo?: No fue atacado","factor","(1) Sí, (2) No",2,352,99.7167138810198,,,,,,,,
"g41_1_7_1","G41.1 ¿Para qué maleza aplicó este insumo?: NS/NR","factor","(1) Sí, (2) No",2,12,3.39943342776204,,,,,,,,
"g41_1_7_2","G41.1 ¿Para qué maleza aplicó este insumo?: NS/NR","factor","(1) Sí, (2) No",2,110,31.1614730878187,,,,,,,,
"g41_1_7_3","G41.1 ¿Para qué maleza aplicó este insumo?: NS/NR","factor","(1) Sí, (2) No",2,226,64.0226628895184,,,,,,,,
"g41_1_7_4","G41.1 ¿Para qué maleza aplicó este insumo?: NS/NR","factor","(1) Sí, (2) No",2,298,84.4192634560906,,,,,,,,
"g41_1_7_5","G41.1 ¿Para qué maleza aplicó este insumo?: NS/NR","factor","(1) Sí, (2) No",2,323,91.5014164305949,,,,,,,,
"g41_1_7_6","G41.1 ¿Para qué maleza aplicó este insumo?: NS/NR","factor","(1) Sí, (2) No",2,342,96.8838526912181,,,,,,,,
"g41_1_7_7","G41.1 ¿Para qué maleza aplicó este insumo?: NS/NR","factor","(1) Sí, (2) No",2,347,98.300283286119,,,,,,,,
"g41_1_7_8","G41.1 ¿Para qué maleza aplicó este insumo?: NS/NR","factor","(1) Sí, (2) No",2,352,99.7167138810198,,,,,,,,
"g41_1_N_1","G41.1 ¿Para qué maleza aplicó este insumo?: Otro, especifique","factor","(1) Sí, (2) No",2,12,3.39943342776204,,,,,,,,
"g41_1_N_2","G41.1 ¿Para qué maleza aplicó este insumo?: Otro, especifique","factor","(1) Sí, (2) No",2,110,31.1614730878187,,,,,,,,
"g41_1_N_3","G41.1 ¿Para qué maleza aplicó este insumo?: Otro, especifique","factor","(1) Sí, (2) No",2,226,64.0226628895184,,,,,,,,
"g41_1_N_4","G41.1 ¿Para qué maleza aplicó este insumo?: Otro, especifique","factor","(1) Sí, (2) No",2,298,84.4192634560906,,,,,,,,
"g41_1_N_5","G41.1 ¿Para qué maleza aplicó este insumo?: Otro, especifique","factor","(1) Sí, (2) No",2,323,91.5014164305949,,,,,,,,
"g41_1_N_6","G41.1 ¿Para qué maleza aplicó este insumo?: Otro, especifique","factor","(1) Sí, (2) No",2,342,96.8838526912181,,,,,,,,
"g41_1_N_7","G41.1 ¿Para qué maleza aplicó este insumo?: Otro, especifique","factor","(1) Sí, (2) No",2,347,98.300283286119,,,,,,,,
"g41_1_N_8","G41.1 ¿Para qué maleza aplicó este insumo?: Otro, especifique","factor","(1) Sí, (2) No",2,352,99.7167138810198,,,,,,,,
"g41_1a_1"," ""G41 Otra maleza ""","character",,,317,89.8016997167139,,,,,,,,
"g41_1a_2"," ""G41 Otra maleza ""","character",,,303,85.8356940509915,,,,,,,,
"g41_1a_3"," ""G41 Otra maleza ""","character",,,329,93.2011331444759,,,,,,,,
"g41_1a_4"," ""G41 Otra maleza ""","character",,,344,97.4504249291785,,,,,,,,
"g41_1a_5"," ""G41 Otra maleza ""","character",,,350,99.1501416430595,,,,,,,,
"g41_1a_6"," ""G41 Otra maleza ""","character",,,353,100,,,,,,,,
"g41_1a_7"," ""G41 Otra maleza ""","character",,,351,99.4334277620397,,,,,,,,
"g41_1a_8"," ""G41 Otra maleza ""","character",,,353,100,,,,,,,,
"g42_1","G42 El producto lo aplicó?","factor","(1) Antes de la siembra, (2) Antes de la emergencia , (3) Después de la siembra, (4) Después de la emergencia ",4,12,3.39943342776204,,,,,,,,
"g42_2","G42 El producto lo aplicó?","factor","(1) Antes de la siembra, (2) Antes de la emergencia , (3) Después de la siembra, (4) Después de la emergencia ",4,109,30.8781869688385,,,,,,,,
"g42_3","G42 El producto lo aplicó?","factor","(1) Antes de la siembra, (2) Antes de la emergencia , (3) Después de la siembra, (4) Después de la emergencia ",4,226,64.0226628895184,,,,,,,,
"g42_4","G42 El producto lo aplicó?","factor","(1) Antes de la siembra, (2) Antes de la emergencia , (3) Después de la siembra, (4) Después de la emergencia ",4,298,84.4192634560906,,,,,,,,
"g42_5","G42 El producto lo aplicó?","factor","(1) Antes de la siembra, (2) Antes de la emergencia , (3) Después de la siembra, (4) Después de la emergencia ",4,323,91.5014164305949,,,,,,,,
"g42_6","G42 El producto lo aplicó?","factor","(1) Antes de la siembra, (2) Antes de la emergencia , (3) Después de la siembra, (4) Después de la emergencia ",4,342,96.8838526912181,,,,,,,,
"g42_7","G42 El producto lo aplicó?","factor","(1) Antes de la siembra, (2) Antes de la emergencia , (3) Después de la siembra, (4) Después de la emergencia ",4,347,98.300283286119,,,,,,,,
"g42_8","G42 El producto lo aplicó?","factor","(1) Antes de la siembra, (2) Antes de la emergencia , (3) Después de la siembra, (4) Después de la emergencia ",4,352,99.7167138810198,,,,,,,,
"g42_1_1","G42.1 ¿Cuántos días antes o después de la siembra aplicó el producto?","numeric",,,12,3.39943342776204,1,75,11.8211143695015,10,10.8288948945348,11,,
"g42_1_2","G42.1 ¿Cuántos días antes o después de la siembra aplicó el producto?","numeric",,,109,30.8781869688385,1,60,12.8319672131148,10,11.4683516303897,14.5,,
"g42_1_3","G42.1 ¿Cuántos días antes o después de la siembra aplicó el producto?","numeric",,,227,64.3059490084986,1,500,17.6190476190476,11.5,44.7152514729115,15,,
"g42_1_4","G42.1 ¿Cuántos días antes o después de la siembra aplicó el producto?","numeric",,,299,84.7025495750708,1,45,11.8518518518519,10,9.33325846031663,10,,
"g42_1_5","G42.1 ¿Cuántos días antes o después de la siembra aplicó el producto?","numeric",,,323,91.5014164305949,1,50,16.3,12,11.4474812769538,10,,
"g42_1_6","G42.1 ¿Cuántos días antes o después de la siembra aplicó el producto?","numeric",,,342,96.8838526912181,4,40,17.3636363636364,15,9.84147069571136,11.5,,
"g42_1_7","G42.1 ¿Cuántos días antes o después de la siembra aplicó el producto?","numeric",,,347,98.300283286119,10,25,14.5,13.5,5.61248608016091,4.5,,
"g42_1_8","G42.1 ¿Cuántos días antes o después de la siembra aplicó el producto?","numeric",,,352,99.7167138810198,15,15,15,15,,0,,
"g43_c_1","G43 Cantidad total por hectárea del insumo","numeric",,,336,95.1841359773371,1,750,246.088235294118,200,263.821923563871,499,,
"g43_c_2","G43 Cantidad total por hectárea del insumo","numeric",,,335,94.9008498583569,1,500,211.166666666667,65,225.947482185313,471,,
"g43_c_3","G43 Cantidad total por hectárea del insumo","numeric",,,340,96.3172804532578,3,800,331.615384615385,300,240.478529347056,380,,
"g43_c_4","G43 Cantidad total por hectárea del insumo","numeric",,,347,98.300283286119,50,300,208.333333333333,225,86.1200712184254,50,,
"g43_c_5","G43 Cantidad total por hectárea del insumo","numeric",,,346,98.0169971671388,200,700,442.857142857143,500,181.265393434993,250,,
"g43_c_6","G43 Cantidad total por hectárea del insumo","numeric",,,352,99.7167138810198,400,400,400,400,,0,,
"g43_c_7","G43 Cantidad total por hectárea del insumo","numeric",,,351,99.4334277620397,100,300,200,200,141.42135623731,100,,
"g43_c_8","G43 Cantidad total por hectárea del insumo","numeric",,,352,99.7167138810198,150,150,150,150,,0,,
"g43_u_1","G43 Unidad","factor","(1) Kilogramos, (2) Libras, (3) Gramos, (4) Litros, (5) Otro, especificar",5,348,98.5835694050991,,,,,,,,
"g43_u_2","G43 Unidad","factor","(1) Kilogramos, (2) Libras, (3) Gramos, (4) Litros, (5) Otro, especificar",5,350,99.1501416430595,,,,,,,,
"g43_u_3","G43 Unidad","factor","(1) Kilogramos, (2) Libras, (3) Gramos, (4) Litros, (5) Otro, especificar",5,352,99.7167138810198,,,,,,,,
"g43_u_4","G43 Unidad","factor","(1) Kilogramos, (2) Libras, (3) Gramos, (4) Litros, (5) Otro, especificar",5,353,100,,,,,,,,
"g43_u_5","G43 Unidad","factor","(1) Kilogramos, (2) Libras, (3) Gramos, (4) Litros, (5) Otro, especificar",5,353,100,,,,,,,,
"g43_u_6","G43 Unidad","factor","(1) Kilogramos, (2) Libras, (3) Gramos, (4) Litros, (5) Otro, especificar",5,353,100,,,,,,,,
"g43_u_7","G43 Unidad","factor","(1) Kilogramos, (2) Libras, (3) Gramos, (4) Litros, (5) Otro, especificar",5,353,100,,,,,,,,
"g43_u_8","G43 Unidad","factor","(1) Kilogramos, (2) Libras, (3) Gramos, (4) Litros, (5) Otro, especificar",5,353,100,,,,,,,,
"g43_ua_1"," ""G43 Otra unidad""","character",,,335,94.9008498583569,,,,,,,,
"g43_ua_2"," ""G43 Otra unidad""","character",,,334,94.6175637393768,,,,,,,,
"g43_ua_3"," ""G43 Otra unidad""","character",,,339,96.0339943342776,,,,,,,,
"g43_ua_4"," ""G43 Otra unidad""","character",,,346,98.0169971671388,,,,,,,,
"g43_ua_5"," ""G43 Otra unidad""","character",,,346,98.0169971671388,,,,,,,,
"g43_ua_6"," ""G43 Otra unidad""","character",,,352,99.7167138810198,,,,,,,,
"g43_ua_7"," ""G43 Otra unidad""","character",,,351,99.4334277620397,,,,,,,,
"g43_ua_8"," ""G43 Otra unidad""","character",,,352,99.7167138810198,,,,,,,,
"id_lote_g51_1","""ID lote""","numeric",,,90,25.4957507082153,1,5,1.11787072243346,1,0.499411896900251,0,,
"id_lote_g51_2","""ID lote""","numeric",,,194,54.957507082153,1,5,1.19496855345912,1,0.641181538121335,0,,
"id_lote_g51_3"," ""ID lote""","numeric",,,284,80.4532577903683,1,3,1.1304347826087,1,0.41702882811415,0,,
"id_lote_g51_4"," ""ID lote""","numeric",,,331,93.7677053824363,1,3,1.13636363636364,1,0.467562529096076,0,,
"id_lote_g51_5"," ""ID lote""","numeric",,,343,97.1671388101983,1,1,1,1,0,0,,
"id_lote_g51_6"," ""ID lote""","numeric",,,350,99.1501416430595,1,1,1,1,0,0,,
"id_lote_g51_7"," ""ID lote""","numeric",,,352,99.7167138810198,1,1,1,1,,0,,
"id_insumo_g52_1","""ID del insumo""","numeric",,,90,25.4957507082153,1,1,1,1,0,0,,
"id_insumo_g52_2"," ""ID del insumo""","numeric",,,194,54.957507082153,2,2,2,2,0,0,,
"id_insumo_g52_3"," ""ID del insumo""","numeric",,,284,80.4532577903683,3,3,3,3,0,0,,
"id_insumo_g52_4"," ""ID del insumo""","numeric",,,331,93.7677053824363,4,4,4,4,0,0,,
"id_insumo_g52_5"," ""ID del insumo""","numeric",,,343,97.1671388101983,5,5,5,5,0,0,,
"id_insumo_g52_6"," ""ID del insumo""","numeric",,,350,99.1501416430595,6,6,6,6,0,0,,
"id_insumo_g52_7"," ""ID del insumo""","numeric",,,352,99.7167138810198,7,7,7,7,,0,,
"g53_1","G53 ¿Qué producto para control de plagas y/o enfermedades utilizó en la Lote?","character",,,92,26.0623229461756,,,,,,,,
"g53_2","G53 ¿Qué producto para control de plagas y/o enfermedades utilizó en la Lote?","character",,,194,54.957507082153,,,,,,,,
"g53_3","G53 ¿Qué producto para control de plagas y/o enfermedades utilizó en la Lote?","character",,,284,80.4532577903683,,,,,,,,
"g53_4","G53 ¿Qué producto para control de plagas y/o enfermedades utilizó en la Lote?","character",,,331,93.7677053824363,,,,,,,,
"g53_5","G53 ¿Qué producto para control de plagas y/o enfermedades utilizó en la Lote?","character",,,343,97.1671388101983,,,,,,,,
"g53_6","G53 ¿Qué producto para control de plagas y/o enfermedades utilizó en la Lote?","character",,,350,99.1501416430595,,,,,,,,
"g53_7","G53 ¿Qué producto para control de plagas y/o enfermedades utilizó en la Lote?","character",,,352,99.7167138810198,,,,,,,,
"g53_c_1","G53 Nombre de insumo corregido","character",,,92,26.0623229461756,,,,,,,,
"g53_c_2","G53 Nombre de insumo corregido","character",,,194,54.957507082153,,,,,,,,
"g53_c_3","G53 Nombre de insumo corregido","character",,,284,80.4532577903683,,,,,,,,
"g53_c_4","G53 Nombre de insumo corregido","character",,,331,93.7677053824363,,,,,,,,
"g53_c_5","G53 Nombre de insumo corregido","character",,,343,97.1671388101983,,,,,,,,
"g53_c_6","G53 Nombre de insumo corregido","character",,,350,99.1501416430595,,,,,,,,
"g53_c_7","G53 Nombre de insumo corregido","character",,,352,99.7167138810198,,,,,,,,
"g53_1_1","G53.1 ¿Para qué plaga y/o enfermedad aplicó este insumo? (selección múltiple)","character",,,92,26.0623229461756,,,,,,,,
"g53_1_2","G53.1 ¿Para qué plaga y/o enfermedad aplicó este insumo? (selección múltiple)","character",,,194,54.957507082153,,,,,,,,
"g53_1_3","G53.1 ¿Para qué plaga y/o enfermedad aplicó este insumo? (selección múltiple)","character",,,284,80.4532577903683,,,,,,,,
"g53_1_4","G53.1 ¿Para qué plaga y/o enfermedad aplicó este insumo? (selección múltiple)","character",,,331,93.7677053824363,,,,,,,,
"g53_1_5","G53.1 ¿Para qué plaga y/o enfermedad aplicó este insumo? (selección múltiple)","character",,,343,97.1671388101983,,,,,,,,
"g53_1_6","G53.1 ¿Para qué plaga y/o enfermedad aplicó este insumo? (selección múltiple)","character",,,350,99.1501416430595,,,,,,,,
"g53_1_7","G53.1 ¿Para qué plaga y/o enfermedad aplicó este insumo? (selección múltiple)","character",,,352,99.7167138810198,,,,,,,,
"g53_1_A_1","G53.1 ¿Para qué plaga y/o enfermedad aplicó este insumo?:  Añublo del arroz","factor","(1) Sí, (2) No",2,92,26.0623229461756,,,,,,,,
"g53_1_A_2","G53.1 ¿Para qué plaga y/o enfermedad aplicó este insumo?:  Añublo del arroz","factor","(1) Sí, (2) No",2,194,54.957507082153,,,,,,,,
"g53_1_A_3","G53.1 ¿Para qué plaga y/o enfermedad aplicó este insumo?:  Añublo del arroz","factor","(1) Sí, (2) No",2,284,80.4532577903683,,,,,,,,
"g53_1_A_4","G53.1 ¿Para qué plaga y/o enfermedad aplicó este insumo?:  Añublo del arroz","factor","(1) Sí, (2) No",2,331,93.7677053824363,,,,,,,,
"g53_1_A_5","G53.1 ¿Para qué plaga y/o enfermedad aplicó este insumo?:  Añublo del arroz","factor","(1) Sí, (2) No",2,343,97.1671388101983,,,,,,,,
"g53_1_A_6","G53.1 ¿Para qué plaga y/o enfermedad aplicó este insumo?:  Añublo del arroz","factor","(1) Sí, (2) No",2,350,99.1501416430595,,,,,,,,
"g53_1_A_7","G53.1 ¿Para qué plaga y/o enfermedad aplicó este insumo?:  Añublo del arroz","factor","(1) Sí, (2) No",2,352,99.7167138810198,,,,,,,,
"g53_1_B_1","G53.1 ¿Para qué plaga y/o enfermedad aplicó este insumo?:  Añublo de la vaina","factor","(1) Sí, (2) No",2,92,26.0623229461756,,,,,,,,
"g53_1_B_2","G53.1 ¿Para qué plaga y/o enfermedad aplicó este insumo?:  Añublo de la vaina","factor","(1) Sí, (2) No",2,194,54.957507082153,,,,,,,,
"g53_1_B_3","G53.1 ¿Para qué plaga y/o enfermedad aplicó este insumo?:  Añublo de la vaina","factor","(1) Sí, (2) No",2,284,80.4532577903683,,,,,,,,
"g53_1_B_4","G53.1 ¿Para qué plaga y/o enfermedad aplicó este insumo?:  Añublo de la vaina","factor","(1) Sí, (2) No",2,331,93.7677053824363,,,,,,,,
"g53_1_B_5","G53.1 ¿Para qué plaga y/o enfermedad aplicó este insumo?:  Añublo de la vaina","factor","(1) Sí, (2) No",2,343,97.1671388101983,,,,,,,,
"g53_1_B_6","G53.1 ¿Para qué plaga y/o enfermedad aplicó este insumo?:  Añublo de la vaina","factor","(1) Sí, (2) No",2,350,99.1501416430595,,,,,,,,
"g53_1_B_7","G53.1 ¿Para qué plaga y/o enfermedad aplicó este insumo?:  Añublo de la vaina","factor","(1) Sí, (2) No",2,352,99.7167138810198,,,,,,,,
"g53_1_C_1","G53.1 ¿Para qué plaga y/o enfermedad aplicó este insumo?:  Helminthosporiosis o Mancha Parda","factor","(1) Sí, (2) No",2,92,26.0623229461756,,,,,,,,
"g53_1_C_2","G53.1 ¿Para qué plaga y/o enfermedad aplicó este insumo?:  Helminthosporiosis o Mancha Parda","factor","(1) Sí, (2) No",2,194,54.957507082153,,,,,,,,
"g53_1_C_3","G53.1 ¿Para qué plaga y/o enfermedad aplicó este insumo?:  Helminthosporiosis o Mancha Parda","factor","(1) Sí, (2) No",2,284,80.4532577903683,,,,,,,,
"g53_1_C_4","G53.1 ¿Para qué plaga y/o enfermedad aplicó este insumo?:  Helminthosporiosis o Mancha Parda","factor","(1) Sí, (2) No",2,331,93.7677053824363,,,,,,,,
"g53_1_C_5","G53.1 ¿Para qué plaga y/o enfermedad aplicó este insumo?:  Helminthosporiosis o Mancha Parda","factor","(1) Sí, (2) No",2,343,97.1671388101983,,,,,,,,
"g53_1_C_6","G53.1 ¿Para qué plaga y/o enfermedad aplicó este insumo?:  Helminthosporiosis o Mancha Parda","factor","(1) Sí, (2) No",2,350,99.1501416430595,,,,,,,,
"g53_1_C_7","G53.1 ¿Para qué plaga y/o enfermedad aplicó este insumo?:  Helminthosporiosis o Mancha Parda","factor","(1) Sí, (2) No",2,352,99.7167138810198,,,,,,,,
"g53_1_D_1","G53.1 ¿Para qué plaga y/o enfermedad aplicó este insumo?:  Escaldado de la hoja","factor","(1) Sí, (2) No",2,92,26.0623229461756,,,,,,,,
"g53_1_D_2","G53.1 ¿Para qué plaga y/o enfermedad aplicó este insumo?:  Escaldado de la hoja","factor","(1) Sí, (2) No",2,194,54.957507082153,,,,,,,,
"g53_1_D_3","G53.1 ¿Para qué plaga y/o enfermedad aplicó este insumo?:  Escaldado de la hoja","factor","(1) Sí, (2) No",2,284,80.4532577903683,,,,,,,,
"g53_1_D_4","G53.1 ¿Para qué plaga y/o enfermedad aplicó este insumo?:  Escaldado de la hoja","factor","(1) Sí, (2) No",2,331,93.7677053824363,,,,,,,,
"g53_1_D_5","G53.1 ¿Para qué plaga y/o enfermedad aplicó este insumo?:  Escaldado de la hoja","factor","(1) Sí, (2) No",2,343,97.1671388101983,,,,,,,,
"g53_1_D_6","G53.1 ¿Para qué plaga y/o enfermedad aplicó este insumo?:  Escaldado de la hoja","factor","(1) Sí, (2) No",2,350,99.1501416430595,,,,,,,,
"g53_1_D_7","G53.1 ¿Para qué plaga y/o enfermedad aplicó este insumo?:  Escaldado de la hoja","factor","(1) Sí, (2) No",2,352,99.7167138810198,,,,,,,,
"g53_1_E_1","G53.1 ¿Para qué plaga y/o enfermedad aplicó este insumo?:  Cercosporiosis o mancha lineal o estrecha","factor","(1) Sí, (2) No",2,92,26.0623229461756,,,,,,,,
"g53_1_E_2","G53.1 ¿Para qué plaga y/o enfermedad aplicó este insumo?:  Cercosporiosis o mancha lineal o estrecha","factor","(1) Sí, (2) No",2,194,54.957507082153,,,,,,,,
"g53_1_E_3","G53.1 ¿Para qué plaga y/o enfermedad aplicó este insumo?:  Cercosporiosis o mancha lineal o estrecha","factor","(1) Sí, (2) No",2,284,80.4532577903683,,,,,,,,
"g53_1_E_4","G53.1 ¿Para qué plaga y/o enfermedad aplicó este insumo?:  Cercosporiosis o mancha lineal o estrecha","factor","(1) Sí, (2) No",2,331,93.7677053824363,,,,,,,,
"g53_1_E_5","G53.1 ¿Para qué plaga y/o enfermedad aplicó este insumo?:  Cercosporiosis o mancha lineal o estrecha","factor","(1) Sí, (2) No",2,343,97.1671388101983,,,,,,,,
"g53_1_E_6","G53.1 ¿Para qué plaga y/o enfermedad aplicó este insumo?:  Cercosporiosis o mancha lineal o estrecha","factor","(1) Sí, (2) No",2,350,99.1501416430595,,,,,,,,
"g53_1_E_7","G53.1 ¿Para qué plaga y/o enfermedad aplicó este insumo?:  Cercosporiosis o mancha lineal o estrecha","factor","(1) Sí, (2) No",2,352,99.7167138810198,,,,,,,,
"g53_1_F_1","G53.1 ¿Para qué plaga y/o enfermedad aplicó este insumo?:  Mancha café de la vaina/Pudrición de la vaina","factor","(1) Sí, (2) No",2,92,26.0623229461756,,,,,,,,
"g53_1_F_2","G53.1 ¿Para qué plaga y/o enfermedad aplicó este insumo?:  Mancha café de la vaina/Pudrición de la vaina","factor","(1) Sí, (2) No",2,194,54.957507082153,,,,,,,,
"g53_1_F_3","G53.1 ¿Para qué plaga y/o enfermedad aplicó este insumo?:  Mancha café de la vaina/Pudrición de la vaina","factor","(1) Sí, (2) No",2,284,80.4532577903683,,,,,,,,
"g53_1_F_4","G53.1 ¿Para qué plaga y/o enfermedad aplicó este insumo?:  Mancha café de la vaina/Pudrición de la vaina","factor","(1) Sí, (2) No",2,331,93.7677053824363,,,,,,,,
"g53_1_F_5","G53.1 ¿Para qué plaga y/o enfermedad aplicó este insumo?:  Mancha café de la vaina/Pudrición de la vaina","factor","(1) Sí, (2) No",2,343,97.1671388101983,,,,,,,,
"g53_1_F_6","G53.1 ¿Para qué plaga y/o enfermedad aplicó este insumo?:  Mancha café de la vaina/Pudrición de la vaina","factor","(1) Sí, (2) No",2,350,99.1501416430595,,,,,,,,
"g53_1_F_7","G53.1 ¿Para qué plaga y/o enfermedad aplicó este insumo?:  Mancha café de la vaina/Pudrición de la vaina","factor","(1) Sí, (2) No",2,352,99.7167138810198,,,,,,,,
"g53_1_G_1","G53.1 ¿Para qué plaga y/o enfermedad aplicó este insumo?:  Pudrición café de la vaina/ mal del pie","factor","(1) Sí, (2) No",2,92,26.0623229461756,,,,,,,,
"g53_1_G_2","G53.1 ¿Para qué plaga y/o enfermedad aplicó este insumo?:  Pudrición café de la vaina/ mal del pie","factor","(1) Sí, (2) No",2,194,54.957507082153,,,,,,,,
"g53_1_G_3","G53.1 ¿Para qué plaga y/o enfermedad aplicó este insumo?:  Pudrición café de la vaina/ mal del pie","factor","(1) Sí, (2) No",2,284,80.4532577903683,,,,,,,,
"g53_1_G_4","G53.1 ¿Para qué plaga y/o enfermedad aplicó este insumo?:  Pudrición café de la vaina/ mal del pie","factor","(1) Sí, (2) No",2,331,93.7677053824363,,,,,,,,
"g53_1_G_5","G53.1 ¿Para qué plaga y/o enfermedad aplicó este insumo?:  Pudrición café de la vaina/ mal del pie","factor","(1) Sí, (2) No",2,343,97.1671388101983,,,,,,,,
"g53_1_G_6","G53.1 ¿Para qué plaga y/o enfermedad aplicó este insumo?:  Pudrición café de la vaina/ mal del pie","factor","(1) Sí, (2) No",2,350,99.1501416430595,,,,,,,,
"g53_1_G_7","G53.1 ¿Para qué plaga y/o enfermedad aplicó este insumo?:  Pudrición café de la vaina/ mal del pie","factor","(1) Sí, (2) No",2,352,99.7167138810198,,,,,,,,
"g53_1_H_1","G53.1 ¿Para qué plaga y/o enfermedad aplicó este insumo?:  Manchado de grano","factor","(1) Sí, (2) No",2,92,26.0623229461756,,,,,,,,
"g53_1_H_2","G53.1 ¿Para qué plaga y/o enfermedad aplicó este insumo?:  Manchado de grano","factor","(1) Sí, (2) No",2,194,54.957507082153,,,,,,,,
"g53_1_H_3","G53.1 ¿Para qué plaga y/o enfermedad aplicó este insumo?:  Manchado de grano","factor","(1) Sí, (2) No",2,284,80.4532577903683,,,,,,,,
"g53_1_H_4","G53.1 ¿Para qué plaga y/o enfermedad aplicó este insumo?:  Manchado de grano","factor","(1) Sí, (2) No",2,331,93.7677053824363,,,,,,,,
"g53_1_H_5","G53.1 ¿Para qué plaga y/o enfermedad aplicó este insumo?:  Manchado de grano","factor","(1) Sí, (2) No",2,343,97.1671388101983,,,,,,,,
"g53_1_H_6","G53.1 ¿Para qué plaga y/o enfermedad aplicó este insumo?:  Manchado de grano","factor","(1) Sí, (2) No",2,350,99.1501416430595,,,,,,,,
"g53_1_H_7","G53.1 ¿Para qué plaga y/o enfermedad aplicó este insumo?:  Manchado de grano","factor","(1) Sí, (2) No",2,352,99.7167138810198,,,,,,,,
"g53_1_I_1","G53.1 ¿Para qué plaga y/o enfermedad aplicó este insumo?:  Virus de la hoja blanca","factor","(1) Sí, (2) No",2,92,26.0623229461756,,,,,,,,
"g53_1_I_2","G53.1 ¿Para qué plaga y/o enfermedad aplicó este insumo?:  Virus de la hoja blanca","factor","(1) Sí, (2) No",2,194,54.957507082153,,,,,,,,
"g53_1_I_3","G53.1 ¿Para qué plaga y/o enfermedad aplicó este insumo?:  Virus de la hoja blanca","factor","(1) Sí, (2) No",2,284,80.4532577903683,,,,,,,,
"g53_1_I_4","G53.1 ¿Para qué plaga y/o enfermedad aplicó este insumo?:  Virus de la hoja blanca","factor","(1) Sí, (2) No",2,331,93.7677053824363,,,,,,,,
"g53_1_I_5","G53.1 ¿Para qué plaga y/o enfermedad aplicó este insumo?:  Virus de la hoja blanca","factor","(1) Sí, (2) No",2,343,97.1671388101983,,,,,,,,
"g53_1_I_6","G53.1 ¿Para qué plaga y/o enfermedad aplicó este insumo?:  Virus de la hoja blanca","factor","(1) Sí, (2) No",2,350,99.1501416430595,,,,,,,,
"g53_1_I_7","G53.1 ¿Para qué plaga y/o enfermedad aplicó este insumo?:  Virus de la hoja blanca","factor","(1) Sí, (2) No",2,352,99.7167138810198,,,,,,,,
"g53_1_J_1","G53.1 ¿Para qué plaga y/o enfermedad aplicó este insumo?:  Virus de la necrosis rayada o 'Entorchamiento'","factor","(1) Sí, (2) No",2,92,26.0623229461756,,,,,,,,
"g53_1_J_2","G53.1 ¿Para qué plaga y/o enfermedad aplicó este insumo?:  Virus de la necrosis rayada o 'Entorchamiento'","factor","(1) Sí, (2) No",2,194,54.957507082153,,,,,,,,
"g53_1_J_3","G53.1 ¿Para qué plaga y/o enfermedad aplicó este insumo?:  Virus de la necrosis rayada o 'Entorchamiento'","factor","(1) Sí, (2) No",2,284,80.4532577903683,,,,,,,,
"g53_1_J_4","G53.1 ¿Para qué plaga y/o enfermedad aplicó este insumo?:  Virus de la necrosis rayada o 'Entorchamiento'","factor","(1) Sí, (2) No",2,331,93.7677053824363,,,,,,,,
"g53_1_J_5","G53.1 ¿Para qué plaga y/o enfermedad aplicó este insumo?:  Virus de la necrosis rayada o 'Entorchamiento'","factor","(1) Sí, (2) No",2,343,97.1671388101983,,,,,,,,
"g53_1_J_6","G53.1 ¿Para qué plaga y/o enfermedad aplicó este insumo?:  Virus de la necrosis rayada o 'Entorchamiento'","factor","(1) Sí, (2) No",2,350,99.1501416430595,,,,,,,,
"g53_1_J_7","G53.1 ¿Para qué plaga y/o enfermedad aplicó este insumo?:  Virus de la necrosis rayada o 'Entorchamiento'","factor","(1) Sí, (2) No",2,352,99.7167138810198,,,,,,,,
"g53_1_K_1","G53.1 ¿Para qué plaga y/o enfermedad aplicó este insumo?:  Añublo de la panícula","factor","(1) Sí, (2) No",2,92,26.0623229461756,,,,,,,,
"g53_1_K_2","G53.1 ¿Para qué plaga y/o enfermedad aplicó este insumo?:  Añublo de la panícula","factor","(1) Sí, (2) No",2,194,54.957507082153,,,,,,,,
"g53_1_K_3","G53.1 ¿Para qué plaga y/o enfermedad aplicó este insumo?:  Añublo de la panícula","factor","(1) Sí, (2) No",2,284,80.4532577903683,,,,,,,,
"g53_1_K_4","G53.1 ¿Para qué plaga y/o enfermedad aplicó este insumo?:  Añublo de la panícula","factor","(1) Sí, (2) No",2,331,93.7677053824363,,,,,,,,
"g53_1_K_5","G53.1 ¿Para qué plaga y/o enfermedad aplicó este insumo?:  Añublo de la panícula","factor","(1) Sí, (2) No",2,343,97.1671388101983,,,,,,,,
"g53_1_K_6","G53.1 ¿Para qué plaga y/o enfermedad aplicó este insumo?:  Añublo de la panícula","factor","(1) Sí, (2) No",2,350,99.1501416430595,,,,,,,,
"g53_1_K_7","G53.1 ¿Para qué plaga y/o enfermedad aplicó este insumo?:  Añublo de la panícula","factor","(1) Sí, (2) No",2,352,99.7167138810198,,,,,,,,
"g53_1_L_1","G53.1 ¿Para qué plaga y/o enfermedad aplicó este insumo?:  Pudrición bacterial de la vaina del arroz","factor","(1) Sí, (2) No",2,92,26.0623229461756,,,,,,,,
"g53_1_L_2","G53.1 ¿Para qué plaga y/o enfermedad aplicó este insumo?:  Pudrición bacterial de la vaina del arroz","factor","(1) Sí, (2) No",2,194,54.957507082153,,,,,,,,
"g53_1_L_3","G53.1 ¿Para qué plaga y/o enfermedad aplicó este insumo?:  Pudrición bacterial de la vaina del arroz","factor","(1) Sí, (2) No",2,284,80.4532577903683,,,,,,,,
"g53_1_L_4","G53.1 ¿Para qué plaga y/o enfermedad aplicó este insumo?:  Pudrición bacterial de la vaina del arroz","factor","(1) Sí, (2) No",2,331,93.7677053824363,,,,,,,,
"g53_1_L_5","G53.1 ¿Para qué plaga y/o enfermedad aplicó este insumo?:  Pudrición bacterial de la vaina del arroz","factor","(1) Sí, (2) No",2,343,97.1671388101983,,,,,,,,
"g53_1_L_6","G53.1 ¿Para qué plaga y/o enfermedad aplicó este insumo?:  Pudrición bacterial de la vaina del arroz","factor","(1) Sí, (2) No",2,350,99.1501416430595,,,,,,,,
"g53_1_L_7","G53.1 ¿Para qué plaga y/o enfermedad aplicó este insumo?:  Pudrición bacterial de la vaina del arroz","factor","(1) Sí, (2) No",2,352,99.7167138810198,,,,,,,,
"g53_1_M_1","G53.1 ¿Para qué plaga y/o enfermedad aplicó este insumo?:  Gusano blanco","factor","(1) Sí, (2) No",2,92,26.0623229461756,,,,,,,,
"g53_1_M_2","G53.1 ¿Para qué plaga y/o enfermedad aplicó este insumo?:  Gusano blanco","factor","(1) Sí, (2) No",2,194,54.957507082153,,,,,,,,
"g53_1_M_3","G53.1 ¿Para qué plaga y/o enfermedad aplicó este insumo?:  Gusano blanco","factor","(1) Sí, (2) No",2,284,80.4532577903683,,,,,,,,
"g53_1_M_4","G53.1 ¿Para qué plaga y/o enfermedad aplicó este insumo?:  Gusano blanco","factor","(1) Sí, (2) No",2,331,93.7677053824363,,,,,,,,
"g53_1_M_5","G53.1 ¿Para qué plaga y/o enfermedad aplicó este insumo?:  Gusano blanco","factor","(1) Sí, (2) No",2,343,97.1671388101983,,,,,,,,
"g53_1_M_6","G53.1 ¿Para qué plaga y/o enfermedad aplicó este insumo?:  Gusano blanco","factor","(1) Sí, (2) No",2,350,99.1501416430595,,,,,,,,
"g53_1_M_7","G53.1 ¿Para qué plaga y/o enfermedad aplicó este insumo?:  Gusano blanco","factor","(1) Sí, (2) No",2,352,99.7167138810198,,,,,,,,
"g53_1_N_1","G53.1 ¿Para qué plaga y/o enfermedad aplicó este insumo?:  Gusano rojo","factor","(1) Sí, (2) No",2,92,26.0623229461756,,,,,,,,
"g53_1_N_2","G53.1 ¿Para qué plaga y/o enfermedad aplicó este insumo?:  Gusano rojo","factor","(1) Sí, (2) No",2,194,54.957507082153,,,,,,,,
"g53_1_N_3","G53.1 ¿Para qué plaga y/o enfermedad aplicó este insumo?:  Gusano rojo","factor","(1) Sí, (2) No",2,284,80.4532577903683,,,,,,,,
"g53_1_N_4","G53.1 ¿Para qué plaga y/o enfermedad aplicó este insumo?:  Gusano rojo","factor","(1) Sí, (2) No",2,331,93.7677053824363,,,,,,,,
"g53_1_N_5","G53.1 ¿Para qué plaga y/o enfermedad aplicó este insumo?:  Gusano rojo","factor","(1) Sí, (2) No",2,343,97.1671388101983,,,,,,,,
"g53_1_N_6","G53.1 ¿Para qué plaga y/o enfermedad aplicó este insumo?:  Gusano rojo","factor","(1) Sí, (2) No",2,350,99.1501416430595,,,,,,,,
"g53_1_N_7","G53.1 ¿Para qué plaga y/o enfermedad aplicó este insumo?:  Gusano rojo","factor","(1) Sí, (2) No",2,352,99.7167138810198,,,,,,,,
"g53_1_O_1","G53.1 ¿Para qué plaga y/o enfermedad aplicó este insumo?:  Pudenta o chinche","factor","(1) Sí, (2) No",2,92,26.0623229461756,,,,,,,,
"g53_1_O_2","G53.1 ¿Para qué plaga y/o enfermedad aplicó este insumo?:  Pudenta o chinche","factor","(1) Sí, (2) No",2,194,54.957507082153,,,,,,,,
"g53_1_O_3","G53.1 ¿Para qué plaga y/o enfermedad aplicó este insumo?:  Pudenta o chinche","factor","(1) Sí, (2) No",2,284,80.4532577903683,,,,,,,,
"g53_1_O_4","G53.1 ¿Para qué plaga y/o enfermedad aplicó este insumo?:  Pudenta o chinche","factor","(1) Sí, (2) No",2,331,93.7677053824363,,,,,,,,
"g53_1_O_5","G53.1 ¿Para qué plaga y/o enfermedad aplicó este insumo?:  Pudenta o chinche","factor","(1) Sí, (2) No",2,343,97.1671388101983,,,,,,,,
"g53_1_O_6","G53.1 ¿Para qué plaga y/o enfermedad aplicó este insumo?:  Pudenta o chinche","factor","(1) Sí, (2) No",2,350,99.1501416430595,,,,,,,,
"g53_1_O_7","G53.1 ¿Para qué plaga y/o enfermedad aplicó este insumo?:  Pudenta o chinche","factor","(1) Sí, (2) No",2,352,99.7167138810198,,,,,,,,
"g53_1_P_1","G53.1 ¿Para qué plaga y/o enfermedad aplicó este insumo?:  Taladrador","factor","(1) Sí, (2) No",2,92,26.0623229461756,,,,,,,,
"g53_1_P_2","G53.1 ¿Para qué plaga y/o enfermedad aplicó este insumo?:  Taladrador","factor","(1) Sí, (2) No",2,194,54.957507082153,,,,,,,,
"g53_1_P_3","G53.1 ¿Para qué plaga y/o enfermedad aplicó este insumo?:  Taladrador","factor","(1) Sí, (2) No",2,284,80.4532577903683,,,,,,,,
"g53_1_P_4","G53.1 ¿Para qué plaga y/o enfermedad aplicó este insumo?:  Taladrador","factor","(1) Sí, (2) No",2,331,93.7677053824363,,,,,,,,
"g53_1_P_5","G53.1 ¿Para qué plaga y/o enfermedad aplicó este insumo?:  Taladrador","factor","(1) Sí, (2) No",2,343,97.1671388101983,,,,,,,,
"g53_1_P_6","G53.1 ¿Para qué plaga y/o enfermedad aplicó este insumo?:  Taladrador","factor","(1) Sí, (2) No",2,350,99.1501416430595,,,,,,,,
"g53_1_P_7","G53.1 ¿Para qué plaga y/o enfermedad aplicó este insumo?:  Taladrador","factor","(1) Sí, (2) No",2,352,99.7167138810198,,,,,,,,
"g53_1_Q_1","G53.1 ¿Para qué plaga y/o enfermedad aplicó este insumo?:  Tijereta","factor","(1) Sí, (2) No",2,92,26.0623229461756,,,,,,,,
"g53_1_Q_2","G53.1 ¿Para qué plaga y/o enfermedad aplicó este insumo?:  Tijereta","factor","(1) Sí, (2) No",2,194,54.957507082153,,,,,,,,
"g53_1_Q_3","G53.1 ¿Para qué plaga y/o enfermedad aplicó este insumo?:  Tijereta","factor","(1) Sí, (2) No",2,284,80.4532577903683,,,,,,,,
"g53_1_Q_4","G53.1 ¿Para qué plaga y/o enfermedad aplicó este insumo?:  Tijereta","factor","(1) Sí, (2) No",2,331,93.7677053824363,,,,,,,,
"g53_1_Q_5","G53.1 ¿Para qué plaga y/o enfermedad aplicó este insumo?:  Tijereta","factor","(1) Sí, (2) No",2,343,97.1671388101983,,,,,,,,
"g53_1_Q_6","G53.1 ¿Para qué plaga y/o enfermedad aplicó este insumo?:  Tijereta","factor","(1) Sí, (2) No",2,350,99.1501416430595,,,,,,,,
"g53_1_Q_7","G53.1 ¿Para qué plaga y/o enfermedad aplicó este insumo?:  Tijereta","factor","(1) Sí, (2) No",2,352,99.7167138810198,,,,,,,,
"g53_1_R_1","G53.1 ¿Para qué plaga y/o enfermedad aplicó este insumo?:  Rosquilla","factor","(1) Sí, (2) No",2,92,26.0623229461756,,,,,,,,
"g53_1_R_2","G53.1 ¿Para qué plaga y/o enfermedad aplicó este insumo?:  Rosquilla","factor","(1) Sí, (2) No",2,194,54.957507082153,,,,,,,,
"g53_1_R_3","G53.1 ¿Para qué plaga y/o enfermedad aplicó este insumo?:  Rosquilla","factor","(1) Sí, (2) No",2,284,80.4532577903683,,,,,,,,
"g53_1_R_4","G53.1 ¿Para qué plaga y/o enfermedad aplicó este insumo?:  Rosquilla","factor","(1) Sí, (2) No",2,331,93.7677053824363,,,,,,,,
"g53_1_R_5","G53.1 ¿Para qué plaga y/o enfermedad aplicó este insumo?:  Rosquilla","factor","(1) Sí, (2) No",2,343,97.1671388101983,,,,,,,,
"g53_1_R_6","G53.1 ¿Para qué plaga y/o enfermedad aplicó este insumo?:  Rosquilla","factor","(1) Sí, (2) No",2,350,99.1501416430595,,,,,,,,
"g53_1_R_7","G53.1 ¿Para qué plaga y/o enfermedad aplicó este insumo?:  Rosquilla","factor","(1) Sí, (2) No",2,352,99.7167138810198,,,,,,,,
"g53_1_7_1","G53.1 ¿Para qué plaga y/o enfermedad aplicó este insumo?:  NS/NR","factor","(1) Sí, (2) No",2,92,26.0623229461756,,,,,,,,
"g53_1_7_2","G53.1 ¿Para qué plaga y/o enfermedad aplicó este insumo?:  NS/NR","factor","(1) Sí, (2) No",2,194,54.957507082153,,,,,,,,
"g53_1_7_3","G53.1 ¿Para qué plaga y/o enfermedad aplicó este insumo?:  NS/NR","factor","(1) Sí, (2) No",2,284,80.4532577903683,,,,,,,,
"g53_1_7_4","G53.1 ¿Para qué plaga y/o enfermedad aplicó este insumo?:  NS/NR","factor","(1) Sí, (2) No",2,331,93.7677053824363,,,,,,,,
"g53_1_7_5","G53.1 ¿Para qué plaga y/o enfermedad aplicó este insumo?:  NS/NR","factor","(1) Sí, (2) No",2,343,97.1671388101983,,,,,,,,
"g53_1_7_6","G53.1 ¿Para qué plaga y/o enfermedad aplicó este insumo?:  NS/NR","factor","(1) Sí, (2) No",2,350,99.1501416430595,,,,,,,,
"g53_1_7_7","G53.1 ¿Para qué plaga y/o enfermedad aplicó este insumo?:  NS/NR","factor","(1) Sí, (2) No",2,352,99.7167138810198,,,,,,,,
"g53_1_S_1","G53.1 ¿Para qué plaga y/o enfermedad aplicó este insumo?:  Otro, especifique","factor","(1) Sí, (2) No",2,92,26.0623229461756,,,,,,,,
"g53_1_S_2","G53.1 ¿Para qué plaga y/o enfermedad aplicó este insumo?:  Otro, especifique","factor","(1) Sí, (2) No",2,194,54.957507082153,,,,,,,,
"g53_1_S_3","G53.1 ¿Para qué plaga y/o enfermedad aplicó este insumo?:  Otro, especifique","factor","(1) Sí, (2) No",2,284,80.4532577903683,,,,,,,,
"g53_1_S_4","G53.1 ¿Para qué plaga y/o enfermedad aplicó este insumo?:  Otro, especifique","factor","(1) Sí, (2) No",2,331,93.7677053824363,,,,,,,,
"g53_1_S_5","G53.1 ¿Para qué plaga y/o enfermedad aplicó este insumo?:  Otro, especifique","factor","(1) Sí, (2) No",2,343,97.1671388101983,,,,,,,,
"g53_1_S_6","G53.1 ¿Para qué plaga y/o enfermedad aplicó este insumo?:  Otro, especifique","factor","(1) Sí, (2) No",2,350,99.1501416430595,,,,,,,,
"g53_1_S_7","G53.1 ¿Para qué plaga y/o enfermedad aplicó este insumo?:  Otro, especifique","factor","(1) Sí, (2) No",2,352,99.7167138810198,,,,,,,,
"g53_1a_1"," ""G53.1 Otra plaga y/enfermedad""","character",,,92,26.0623229461756,,,,,,,,
"g53_1a_2"," ""G53.1 Otra plaga y/enfermedad""","character",,,194,54.957507082153,,,,,,,,
"g53_1a_3"," ""G53.1 Otra plaga y/enfermedad""","character",,,284,80.4532577903683,,,,,,,,
"g53_1a_4"," ""G53.1 Otra plaga y/enfermedad""","character",,,331,93.7677053824363,,,,,,,,
"g53_1a_5"," ""G53.1 Otra plaga y/enfermedad""","character",,,343,97.1671388101983,,,,,,,,
"g53_1a_6"," ""G53.1 Otra plaga y/enfermedad""","character",,,350,99.1501416430595,,,,,,,,
"g53_1a_7"," ""G53.1 Otra plaga y/enfermedad""","character",,,352,99.7167138810198,,,,,,,,
"g54_1","G54 El producto lo aplicó?","factor","(1) Antes de la siembra, (2) Antes de la emergencia , (3) Después de la siembra, (4) Después de la emergencia",4,90,25.4957507082153,,,,,,,,
"g54_2","G54 El producto lo aplicó?","factor","(1) Antes de la siembra, (2) Antes de la emergencia , (3) Después de la siembra, (4) Después de la emergencia",4,194,54.957507082153,,,,,,,,
"g54_3","G54 El producto lo aplicó?","factor","(1) Antes de la siembra, (2) Antes de la emergencia , (3) Después de la siembra, (4) Después de la emergencia",4,284,80.4532577903683,,,,,,,,
"g54_4","G54 El producto lo aplicó?","factor","(1) Antes de la siembra, (2) Antes de la emergencia , (3) Después de la siembra, (4) Después de la emergencia",4,331,93.7677053824363,,,,,,,,
"g54_5","G54 El producto lo aplicó?","factor","(1) Antes de la siembra, (2) Antes de la emergencia , (3) Después de la siembra, (4) Después de la emergencia",4,343,97.1671388101983,,,,,,,,
"g54_6","G54 El producto lo aplicó?","factor","(1) Antes de la siembra, (2) Antes de la emergencia , (3) Después de la siembra, (4) Después de la emergencia",4,350,99.1501416430595,,,,,,,,
"g54_7","G54 El producto lo aplicó?","factor","(1) Antes de la siembra, (2) Antes de la emergencia , (3) Después de la siembra, (4) Después de la emergencia",4,352,99.7167138810198,,,,,,,,
"g54_1_1","G54.1 ¿Cuántos días [G_54] aplicó el producto? (# de días)","numeric",,,90,25.4957507082153,1,100,29.8212927756654,25,20.9226675682065,27.5,,
"g54_1_2","G54.1 ¿Cuántos días [G_54] aplicó el producto? (# de días)","numeric",,,194,54.957507082153,1,90,36.3396226415094,30,22.1932907493927,26.5,,
"g54_1_3","G54.1 ¿Cuántos días [G_54] aplicó el producto? (# de días)","numeric",,,284,80.4532577903683,2,90,43.2173913043478,45,24.0360449700135,37,,
"g54_1_4","G54.1 ¿Cuántos días [G_54] aplicó el producto? (# de días)","numeric",,,331,93.7677053824363,15,80,50.2272727272727,47.5,22.1185804637549,40,,
"g54_1_5","G54.1 ¿Cuántos días [G_54] aplicó el producto? (# de días)","numeric",,,343,97.1671388101983,30,80,53.5,57.5,19.7273076385671,36.25,,
"g54_1_6","G54.1 ¿Cuántos días [G_54] aplicó el producto? (# de días)","numeric",,,350,99.1501416430595,30,80,56.6666666666667,60,25.1661147842358,25,,
"g54_1_7","G54.1 ¿Cuántos días [G_54] aplicó el producto? (# de días)","numeric",,,352,99.7167138810198,2,2,2,2,,0,,
"g55_c_1","G55 Cantidad total por hectárea del insumo","numeric",,,92,26.0623229461756,0.02,800,121.85724137931,2,193.275489488388,199,,
"g55_c_2","G55 Cantidad total por hectárea del insumo","numeric",,,195,55.2407932011331,0.02,800,102.128924050633,2,187.867139859429,186.5,,
"g55_c_3","G55 Cantidad total por hectárea del insumo","numeric",,,285,80.7365439093484,0.25,800,114.564411764706,2,189.599769163396,199,,
"g55_c_4","G55 Cantidad total por hectárea del insumo","numeric",,,332,94.0509915014164,0.01,800,77.0838095238095,1,191.735690482398,1.5,,
"g55_c_5","G55 Cantidad total por hectárea del insumo","numeric",,,343,97.1671388101983,0.5,500,110.65,1,207.51774355194,74.375,,
"g55_c_6","G55 Cantidad total por hectárea del insumo","numeric",,,350,99.1501416430595,0.5,100,34.1666666666667,2,57.0182719251762,49.75,,
"g55_c_7","G55 Cantidad total por hectárea del insumo","numeric",,,353,100,Inf,-Inf,,,,,,
"g55_u_1","G55 Unidad","factor","(1) Kilogramos, (2) Libras, (3) Gramos, (4) Litros, (5) Sobre, (6) Otro, especificar",6,173,49.0084985835694,,,,,,,,
"g55_u_2","G55 Unidad","factor","(1) Kilogramos, (2) Libras, (3) Gramos, (4) Litros, (5) Sobre, (6) Otro, especificar",6,235,66.5722379603399,,,,,,,,
"g55_u_3","G55 Unidad","factor","(1) Kilogramos, (2) Libras, (3) Gramos, (4) Litros, (5) Sobre, (6) Otro, especificar",6,302,85.5524079320113,,,,,,,,
"g55_u_4","G55 Unidad","factor","(1) Kilogramos, (2) Libras, (3) Gramos, (4) Litros, (5) Sobre, (6) Otro, especificar",6,335,94.9008498583569,,,,,,,,
"g55_u_5","G55 Unidad","factor","(1) Kilogramos, (2) Libras, (3) Gramos, (4) Litros, (5) Sobre, (6) Otro, especificar",6,346,98.0169971671388,,,,,,,,
"g55_u_6","G55 Unidad","factor","(1) Kilogramos, (2) Libras, (3) Gramos, (4) Litros, (5) Sobre, (6) Otro, especificar",6,350,99.1501416430595,,,,,,,,
"g55_u_7","G55 Unidad","factor","(1) Kilogramos, (2) Libras, (3) Gramos, (4) Litros, (5) Sobre, (6) Otro, especificar",6,353,100,,,,,,,,
"g55_ua_1"," ""G55 Otra unidad""","character",,,264,74.7875354107649,,,,,,,,
"g55_ua_2"," ""G55 Otra unidad""","character",,,312,88.385269121813,,,,,,,,
"g55_ua_3"," ""G55 Otra unidad""","character",,,334,94.6175637393768,,,,,,,,
"g55_ua_4"," ""G55 Otra unidad""","character",,,349,98.8668555240793,,,,,,,,
"g55_ua_5"," ""G55 Otra unidad""","character",,,350,99.1501416430595,,,,,,,,
"g55_ua_6"," ""G55 Otra unidad""","character",,,352,99.7167138810198,,,,,,,,
"g55_ua_7"," ""G55 Otra unidad""","character",,,353,100,,,,,,,,
"id_lote_g60","60 ""ID lote""","numeric",,,1,0.28328611898017,1,5,1.13920454545455,1,0.544799231879234,0,,
"g61","G61 ¿Tuvo alguna reducción en el rendimiento en este periodo?","factor","(1) Sí, (2) No",2,0,0,,,,,,,,
"g61_1","G61.1 Razones de pérdida de cosecha","factor","(1) Inundación, (2) Sequías, (3) Alta temperatura, (4) Incendio o quemas, (5) Otros eventos climáticos, (6) Plagas y enfermedades, (7) Rojo y malezas, (8) Falta de mano de obra, (9) Falta de maquinaria, (10) Dificultad de comercialización, (11) Falta de asistencia técnica, (12) NS/NR, (13) Otro, especifique",13,88,24.929178470255,,,,,,,,
"g61_1a","G61.1 Otra razón de perdida de cosecha","character",,,0,0,,,,,,,,
"g62","G62 Fecha de cosecha Nota Aproximado entre 90 y 140 días","date",,,0,0,,,,,,,"19346","20020"
"g62f","Fecha de cosecha corregida","date",,,0,0,,,,,,,"19352","19822"
"g64","G64 Área cosechada en hectáreas","numeric",,,0,0,0.2,80,6.71470254957507,4,8.75767757225438,6.5,,
"g65_c","G65 Cantidad TOTAL cosechada en este lote (paddy verde)","numeric",,,0,0,0,305405,2070.14957507082,420,16786.3168944472,740,,
"g65_u","G65 Unidad en que reportó cantidad cosechada","factor","(1) Bultos, (2) Kilogramos, (3) Toneladas, (4) Libras, (5) Otro, especifique",5,1,0.28328611898017,,,,,,,,
"g65_ua","G65 Otra unidad en la que reporto ","labelled",,,353,100,,,,,,,,
"g65_e","G65 Equivalencia de la unidad de medida en kilogramos","numeric",,,9,2.54957507082153,0,65.5,61.5433139534884,62.5,4.48183395865178,0,,
"g65_1","G65.1 Rendimiento Tonelada/ Hectárea","numeric",,,1,0.28328611898017,0,62.5,6.61428977272727,6.25,4.20620448733734,2.385,,
"g65_b","cantidad cosechada en toneladas","numeric",,,1,0.28328611898017,0,446.875,44.0824916193182,26.03125,60.0505693080746,42.803125,,
"g65_rend","Rendimiento Ton/ha","numeric",,,1,0.28328611898017,0,13.0208333333333,6.33584455206815,6.25,1.84485703865809,2.38920454545454,,
"g66","G66 ¿Cuánto de la cosecha se destinó para venta?","numeric",,,1,0.28328611898017,0,305405,2060.57613636364,420,16808.3089176097,719,,
"g67","G67 ¿Cuánto de la cosecha se destinó para autoconsumo?","numeric",,,0,0,0,2,0.0056657223796034,0,0.10644925908247,0,,
"g68","G68 ¿Cuánto de la cosecha se destinó para otro fin?","numeric",,,0,0,0,0,0,0,0,0,,
"g68_1","G68.1 ¿Cuál fue el otro destino de la cosecha?","labelled",,,353,100,,,,,,,,
"g66_1","G66.1 ¿Cuál fue el precio de venta por unidad [Unidad G_65_u]?","numeric",,,6,1.69971671388102,1300,1160000,107463.423631124,104000,61657.7521682505,10000,,
"g66_2","G66.2 ¿A quién vendió la cosecha o producción?","character",,,0,0,,,,,,,,
"g66_2_A","G66.2 ¿A quién vendió la cosecha o producción?:  Molino","factor","(1) Sí, (2) No",2,0,0,,,,,,,,
"g66_2_B","G66.2 ¿A quién vendió la cosecha o producción?:  Acopiador mayorista (centrales de abastos)","factor","(1) Sí, (2) No",2,0,0,,,,,,,,
"g66_2_C","G66.2 ¿A quién vendió la cosecha o producción?:  Plazas de mercado (diferentes a centrales de abastos)","factor","(1) Sí, (2) No",2,0,0,,,,,,,,
"g66_2_D","G66.2 ¿A quién vendió la cosecha o producción?:  Supermercados","factor","(1) Sí, (2) No",2,0,0,,,,,,,,
"g66_2_E","G66.2 ¿A quién vendió la cosecha o producción?:  Exportadores","factor","(1) Sí, (2) No",2,0,0,,,,,,,,
"g66_2_F","G66.2 ¿A quién vendió la cosecha o producción?:  Otro agricultor (semilla)","factor","(1) Sí, (2) No",2,0,0,,,,,,,,
"g66_2_7","G66.2 ¿A quién vendió la cosecha o producción?:  NS/NR","factor","(1) Sí, (2) No",2,0,0,,,,,,,,
"g66_2_G","G66.2 ¿A quién vendió la cosecha o producción?:  Otro, especifique","factor","(1) Sí, (2) No",2,0,0,,,,,,,,
"g66_2a","G66.2 Otro comprador de la cosecha","character",,,0,0,,,,,,,,
"g66_3","G66.3 ¿Cuál es el tipo de mano de obra utilizada para la en cosecha?","factor","(1) Familiar, (2) Contratada, (3) Familiar y contratada, (4) No requirió mano de obra, (5) Contrato (por toda la actividad)",5,2,0.56657223796034,,,,,,,,
"g66_4_1","G66.4.1 Cantidad de mano de obra familiar de hombres usada en la cosecha:","numeric",,,344,97.4504249291785,1,20,5,3,6.28490254498827,3,,
"g66_4_2","G66.4.2 Cantidad de mano de obra familiar de mujeres usada en la cosecha","numeric",,,344,97.4504249291785,0,20,2.22222222222222,0,6.66666666666667,0,,
"g66_5_1","G66.5.1 Cantidad de mano de obra contratada de hombres en la cosecha","numeric",,,305,86.4022662889519,2,21,5.29166666666667,4,4.30713575821756,4,,
"g66_5_2","G66.5.2 Cantidad de mano de obra contratada de mujeres usada en la cosecha","numeric",,,302,85.5524079320113,0,0,0,0,0,0,,
"g66_6","G66.6 ¿Cuánto pagó en TOTAL por hacer todas las actividades de la cosecha?","numeric",,,17,4.81586402266289,0,1240000000,6420263.10416667,1042500,67751205.3267834,2500000,,
"g66_7","G66.7 ¿La maquinaria para la cosecha fue propia o alquilada?","factor","(1) Propia, (2) Alquilada, (3) Propia y alquilada, (4) No usó maquinaria",4,1,0.28328611898017,,,,,,,,
"g69","G69 ¿Qué hace con los residuos orgánicos derivados de la actividad agrícola (com","factor","(1) Los quema, (2) Los deja en el lote, (3) Los usa para fertilización de suelos (incorpora), (4) Los recoge y los vende, (5) No hace nada, (6) Otro, especifique",6,1,0.28328611898017,,,,,,,,
"g69a","G69 Otro fin de los residuos orgánicos","character",,,0,0,,,,,,,,
"g70","G70 ¿Qué hace con los desechos de plásticos, vidrio o PVC derivados de la activi","factor","(1) Entrega a servicios de recolección, (2) Los quema, (3) Los regala, (4) Los vende, (5) Los dispone en río, quebrada o corriente de agua, (6) Los reutiliza, (7) No maneja, ni reutiliza, ni elimina los desechos de plásticos, vidrios o PVC, (8) Otro, especifique",8,1,0.28328611898017,,,,,,,,
"g70a","G70 Otro fin de los desechos de plasticos, vidrio o pvc","character",,,0,0,,,,,,,,
"g71","G71. ¿Cuál fue precio promedio del jornal en la zona durante 2023?","numeric",,,1,0.28328611898017,23000,60000,43617.8977272727,48000,10573.5596224368,17000,,
"g72","G72 Cuánto pago en TOTAL por hacer la actividad de venta o postcosecha","numeric",,,35,9.91501416430595,0,76800000,1548443.9245283,530000,5116071.26872569,1092500,,
"h1","H1. ¿Es usted un miembro activo de alguna organización (cooperativa agrícola/gru","factor","(1) Sí, (2) No",2,0,0,,,,,,,,
"h2","H2. ¿Cómo se llama la organización? ","character",,,0,0,,,,,,,,
"h3","H3. ¿En qué año se hizo miembro? (Escribir año)","numeric",,,273,77.3371104815864,-99,2023,1846.8875,2004,557.755197735768,16,,
"h17","H17 Realiza rotación de cultivos (por ejemplo: arroz-leguminosas, arroz-maíz,o a","factor","(1) Sí, (2) No",2,0,0,,,,,,,,
"h4a","H4 ¿En su cultivo de arroz cuáles de las siguientes prácticas implementa:","character",,,89,25.2124645892351,,,,,,,,
"id_item_h4_1"," ""ID item""","numeric",,,0,0,1,1,1,1,0,0,,
"id_item_h4_2"," ""ID item""","numeric",,,0,0,2,2,2,2,0,0,,
"id_item_h4_3"," ""ID item""","numeric",,,0,0,3,3,3,3,0,0,,
"id_item_h4_4"," ""ID item""","numeric",,,0,0,4,4,4,4,0,0,,
"id_item_h4_5"," ""ID item""","numeric",,,0,0,5,5,5,5,0,0,,
"nombre_item_1"," ""ITEM""","character",,,0,0,,,,,,,,
"nombre_item_2"," ""ITEM""","character",,,0,0,,,,,,,,
"nombre_item_3","""ITEM""","character",,,0,0,,,,,,,,
"nombre_item_4"," ""ITEM""","character",,,0,0,,,,,,,,
"nombre_item_5"," ""ITEM""","character",,,0,0,,,,,,,,
"h4_1","H4 ¿En su cultivo de arroz usted usa [ITEM]?","factor","(1) Sí, (2) No",2,0,0,,,,,,,,
"h4_2","H4 ¿En su cultivo de arroz usted usa [ITEM]?","factor","(1) Sí, (2) No",2,16,4.53257790368272,,,,,,,,
"h4_3","H4 ¿En su cultivo de arroz usted usa [ITEM]?","factor","(1) Sí, (2) No",2,17,4.81586402266289,,,,,,,,
"h4_4","H4 ¿En su cultivo de arroz usted usa [ITEM]?","factor","(1) Sí, (2) No",2,18,5.09915014164306,,,,,,,,
"h4_5","H4 ¿En su cultivo de arroz usted usa [ITEM]?","factor","(1) Sí, (2) No",2,20,5.6657223796034,,,,,,,,
"h4_2_a_1","H4.2 ¿Hace cuánto tiempo o implementa o usa [ITEM]?","numeric",,,277,78.4702549575071,0,30,7.52631578947368,5,7.56918962498281,8,,
"h4_2_a_2","H4.2 ¿Hace cuánto tiempo o implementa o usa [ITEM]?","numeric",,,152,43.0594900849858,0,40,8.5771144278607,5,7.98656832637402,7,,
"h4_2_a_3","H4.2 ¿Hace cuánto tiempo o implementa o usa [ITEM]?","numeric",,,299,84.7025495750708,0,40,9.09259259259259,6.5,8.48365469153637,6,,
"h4_2_a_4","H4.2 ¿Hace cuánto tiempo o implementa o usa [ITEM]?","numeric",,,344,97.4504249291785,1,30,8.77777777777778,8,8.71461097493425,6,,
"h4_2_a_5","H4.2 ¿Hace cuánto tiempo o implementa o usa [ITEM]?","numeric",,,332,94.0509915014164,1,10,3.42857142857143,3,2.7307769694984,3,,
"h4_2_b_1","H4.2 ¿Hace cuánto tiempo o implementa o usa [ITEM]?","factor","(1) Años, (2) Meses",2,277,78.4702549575071,,,,,,,,
"h4_2_b_2","H4.2 ¿Hace cuánto tiempo o implementa o usa [ITEM]?","factor","(1) Años, (2) Meses",2,150,42.4929178470255,,,,,,,,
"h4_2_b_3","H4.2 ¿Hace cuánto tiempo o implementa o usa [ITEM]?","factor","(1) Años, (2) Meses",2,299,84.7025495750708,,,,,,,,
"h4_2_b_4","H4.2 ¿Hace cuánto tiempo o implementa o usa [ITEM]?","factor","(1) Años, (2) Meses",2,344,97.4504249291785,,,,,,,,
"h4_2_b_5","H4.2 ¿Hace cuánto tiempo o implementa o usa [ITEM]?","factor","(1) Años, (2) Meses",2,332,94.0509915014164,,,,,,,,
"h5_1","H5 ¿Cómo conoció por primera vez la practica [ITEM]?","factor","(1) FEDEARROZ, (2) Demostración en un proyecto, (3) Visita de un técnico de un proyecto, (4) Por otro productor, (5) Por una ONG, (6) Visita a una finca piloto, (7) NS/NR, (8) Otro, especifique",8,277,78.4702549575071,,,,,,,,
"h5_2","H5 ¿Cómo conoció por primera vez la practica [ITEM]?","factor","(1) FEDEARROZ, (2) Demostración en un proyecto, (3) Visita de un técnico de un proyecto, (4) Por otro productor, (5) Por una ONG, (6) Visita a una finca piloto, (7) NS/NR, (8) Otro, especifique",8,150,42.4929178470255,,,,,,,,
"h5_3","H5 ¿Cómo conoció por primera vez la practica [ITEM]?","factor","(1) FEDEARROZ, (2) Demostración en un proyecto, (3) Visita de un técnico de un proyecto, (4) Por otro productor, (5) Por una ONG, (6) Visita a una finca piloto, (7) NS/NR, (8) Otro, especifique",8,299,84.7025495750708,,,,,,,,
"h5_4","H5 ¿Cómo conoció por primera vez la practica [ITEM]?","factor","(1) FEDEARROZ, (2) Demostración en un proyecto, (3) Visita de un técnico de un proyecto, (4) Por otro productor, (5) Por una ONG, (6) Visita a una finca piloto, (7) NS/NR, (8) Otro, especifique",8,344,97.4504249291785,,,,,,,,
"h5_5","H5 ¿Cómo conoció por primera vez la practica [ITEM]?","factor","(1) FEDEARROZ, (2) Demostración en un proyecto, (3) Visita de un técnico de un proyecto, (4) Por otro productor, (5) Por una ONG, (6) Visita a una finca piloto, (7) NS/NR, (8) Otro, especifique",8,332,94.0509915014164,,,,,,,,
"h5a_1","H5 Otra forma en la que conoció la practica","character",,,70,19.8300283286119,,,,,,,,
"h5a_2","H5 Otra forma en la que conoció la practica","character",,,200,56.657223796034,,,,,,,,
"h5a_3","H5 Otra forma en la que conoció la practica","character",,,64,18.1303116147309,,,,,,,,
"h5a_4","H5 Otra forma en la que conoció la practica","character",,,32,9.06515580736544,,,,,,,,
"h5a_5","H5 Otra forma en la que conoció la practica","character",,,40,11.3314447592068,,,,,,,,
"h7_1","H7 ¿Cuál es el grado de conocimiento en [ITEM]?","factor","(1) Muy bajo, (2) Bajo, (3) Medio, (4) Alto, (5) Muy alto",5,277,78.4702549575071,,,,,,,,
"h7_2","H7 ¿Cuál es el grado de conocimiento en [ITEM]?","factor","(1) Muy bajo, (2) Bajo, (3) Medio, (4) Alto, (5) Muy alto",5,150,42.4929178470255,,,,,,,,
"h7_3","H7 ¿Cuál es el grado de conocimiento en [ITEM]?","factor","(1) Muy bajo, (2) Bajo, (3) Medio, (4) Alto, (5) Muy alto",5,299,84.7025495750708,,,,,,,,
"h7_4","H7 ¿Cuál es el grado de conocimiento en [ITEM]?","factor","(1) Muy bajo, (2) Bajo, (3) Medio, (4) Alto, (5) Muy alto",5,344,97.4504249291785,,,,,,,,
"h7_5","H7 ¿Cuál es el grado de conocimiento en [ITEM]?","factor","(1) Muy bajo, (2) Bajo, (3) Medio, (4) Alto, (5) Muy alto",5,332,94.0509915014164,,,,,,,,
"h10_1","H10 ¿Por qué no usa [ITEM]?","factor","(1) Nunca ha escuchado, (2) No conoce los beneficios, (3) No conoce experiencias de productores, (4) Falta de conocimiento técnico, (5) No lo considera útil, (6) No genera mayor producción, (7) No genera mayor calidad, (8) Genera mayores gastos, (9) Falta de mano de obra adicional, (10) Falta de equipos e insumos necesarios, (11) Falta de capital, (12) No es el dueño de la tierra/cultivo, (13) NS/NR, (14) Otro, especifique",14,353,100,,,,,,,,
"h10_2","H10 ¿Por qué no usa [ITEM]?","factor","(1) Nunca ha escuchado, (2) No conoce los beneficios, (3) No conoce experiencias de productores, (4) Falta de conocimiento técnico, (5) No lo considera útil, (6) No genera mayor producción, (7) No genera mayor calidad, (8) Genera mayores gastos, (9) Falta de mano de obra adicional, (10) Falta de equipos e insumos necesarios, (11) Falta de capital, (12) No es el dueño de la tierra/cultivo, (13) NS/NR, (14) Otro, especifique",14,353,100,,,,,,,,
"h10_3","H10 ¿Por qué no usa [ITEM]?","factor","(1) Nunca ha escuchado, (2) No conoce los beneficios, (3) No conoce experiencias de productores, (4) Falta de conocimiento técnico, (5) No lo considera útil, (6) No genera mayor producción, (7) No genera mayor calidad, (8) Genera mayores gastos, (9) Falta de mano de obra adicional, (10) Falta de equipos e insumos necesarios, (11) Falta de capital, (12) No es el dueño de la tierra/cultivo, (13) NS/NR, (14) Otro, especifique",14,353,100,,,,,,,,
"h10_4","H10 ¿Por qué no usa [ITEM]?","factor","(1) Nunca ha escuchado, (2) No conoce los beneficios, (3) No conoce experiencias de productores, (4) Falta de conocimiento técnico, (5) No lo considera útil, (6) No genera mayor producción, (7) No genera mayor calidad, (8) Genera mayores gastos, (9) Falta de mano de obra adicional, (10) Falta de equipos e insumos necesarios, (11) Falta de capital, (12) No es el dueño de la tierra/cultivo, (13) NS/NR, (14) Otro, especifique",14,353,100,,,,,,,,
"h10_5","H10 ¿Por qué no usa [ITEM]?","factor","(1) Nunca ha escuchado, (2) No conoce los beneficios, (3) No conoce experiencias de productores, (4) Falta de conocimiento técnico, (5) No lo considera útil, (6) No genera mayor producción, (7) No genera mayor calidad, (8) Genera mayores gastos, (9) Falta de mano de obra adicional, (10) Falta de equipos e insumos necesarios, (11) Falta de capital, (12) No es el dueño de la tierra/cultivo, (13) NS/NR, (14) Otro, especifique",14,353,100,,,,,,,,
"h10a_1","H10 Otra razón para NO USAR [ITEM]","character",,,218,61.7563739376771,,,,,,,,
"h10a_2","H10 Otra razón para NO USAR [ITEM]","character",,,133,37.6770538243626,,,,,,,,
"h10a_3","H10 Otra razón para NO USAR [ITEM]","character",,,272,77.0538243626062,,,,,,,,
"h10a_4","H10 Otra razón para NO USAR [ITEM]","character",,,287,81.3031161473088,,,,,,,,
"h10a_5","H10 Otra razón para NO USAR [ITEM]","character",,,305,86.4022662889519,,,,,,,,
"h11_1","H11 ¿Quisiera implementar la práctica de [ITEM]?","factor","(1) Sí, (2) No",2,77,21.8130311614731,,,,,,,,
"h11_2","H11 ¿Quisiera implementar la práctica de [ITEM]?","factor","(1) Sí, (2) No",2,219,62.0396600566572,,,,,,,,
"h11_3","H11 ¿Quisiera implementar la práctica de [ITEM]?","factor","(1) Sí, (2) No",2,71,20.1133144475921,,,,,,,,
"h11_4","H11 ¿Quisiera implementar la práctica de [ITEM]?","factor","(1) Sí, (2) No",2,51,14.4475920679887,,,,,,,,
"h11_5","H11 ¿Quisiera implementar la práctica de [ITEM]?","factor","(1) Sí, (2) No",2,41,11.614730878187,,,,,,,,
"h12a","H12 Durante el último año (2023), ¿usted ha recibido servicios de extensión, ase","character",,,189,53.5410764872521,,,,,,,,
"id_item_h12_1","""ID item""","numeric",,,0,0,1,1,1,1,0,0,,
"id_item_h12_2","""ID item""","numeric",,,18,5.09915014164306,2,2,2,2,0,0,,
"id_item_h12_3","""ID item""","numeric",,,18,5.09915014164306,3,3,3,3,0,0,,
"id_item_h12_4","""ID item""","numeric",,,18,5.09915014164306,4,4,4,4,0,0,,
"id_item_h12_5","""ID item""","numeric",,,18,5.09915014164306,5,5,5,5,0,0,,
"id_item_h12_6","""ID item""","numeric",,,18,5.09915014164306,6,6,6,6,0,0,,
"id_item_h12_7","""ID item""","numeric",,,18,5.09915014164306,7,7,7,7,0,0,,
"id_item_h12_8","""ID item""","numeric",,,18,5.09915014164306,8,8,8,8,0,0,,
"id_item_h12_9","""ID item""","numeric",,,18,5.09915014164306,9,9,9,9,0,0,,
"id_item_h12_10","""ID item""","numeric",,,18,5.09915014164306,10,10,10,10,0,0,,
"id_item_h12_11","""ID item""","numeric",,,19,5.38243626062323,11,11,11,11,0,0,,
"id_item_h12_12","""ID item""","numeric",,,19,5.38243626062323,12,12,12,12,0,0,,
"id_item_h12_13","""ID item""","numeric",,,19,5.38243626062323,13,13,13,13,0,0,,
"id_item_h12_14","""ID item""","numeric",,,19,5.38243626062323,14,14,14,14,0,0,,
"nombre_item_h12_1"," ""ITEM""","character",,,0,0,,,,,,,,
"nombre_item_h12_2"," ""ITEM""","character",,,18,5.09915014164306,,,,,,,,
"nombre_item_h12_3"," ""ITEM""","character",,,18,5.09915014164306,,,,,,,,
"nombre_item_h12_4"," ""ITEM""","character",,,18,5.09915014164306,,,,,,,,
"nombre_item_h12_5"," ""ITEM""","character",,,18,5.09915014164306,,,,,,,,
"nombre_item_h12_6"," ""ITEM""","character",,,18,5.09915014164306,,,,,,,,
"nombre_item_h12_7"," ""ITEM""","character",,,18,5.09915014164306,,,,,,,,
"nombre_item_h12_8"," ""ITEM""","character",,,18,5.09915014164306,,,,,,,,
"nombre_item_h12_9"," ""ITEM""","character",,,18,5.09915014164306,,,,,,,,
"nombre_item_h12_10"," ""ITEM""","character",,,18,5.09915014164306,,,,,,,,
"nombre_item_h12_11"," ""ITEM""","character",,,19,5.38243626062323,,,,,,,,
"nombre_item_h12_12"," ""ITEM""","character",,,19,5.38243626062323,,,,,,,,
"nombre_item_h12_13"," ""ITEM""","character",,,19,5.38243626062323,,,,,,,,
"nombre_item_h12_14"," ""ITEM""","character",,,19,5.38243626062323,,,,,,,,
"h12_1","H12 Durante el último año (2023), ¿usted ha recibido servicios de extensión, ase","factor","(1) Sí, (2) No",2,0,0,,,,,,,,
"h12_2","H12 Durante el último año (2023), ¿usted ha recibido servicios de extensión, ase","factor","(1) Sí, (2) No",2,18,5.09915014164306,,,,,,,,
"h12_3","H12 Durante el último año (2023), ¿usted ha recibido servicios de extensión, ase","factor","(1) Sí, (2) No",2,18,5.09915014164306,,,,,,,,
"h12_4","H12 Durante el último año (2023), ¿usted ha recibido servicios de extensión, ase","factor","(1) Sí, (2) No",2,18,5.09915014164306,,,,,,,,
"h12_5","H12 Durante el último año (2023), ¿usted ha recibido servicios de extensión, ase","factor","(1) Sí, (2) No",2,18,5.09915014164306,,,,,,,,
"h12_6","H12 Durante el último año (2023), ¿usted ha recibido servicios de extensión, ase","factor","(1) Sí, (2) No",2,18,5.09915014164306,,,,,,,,
"h12_7","H12 Durante el último año (2023), ¿usted ha recibido servicios de extensión, ase","factor","(1) Sí, (2) No",2,18,5.09915014164306,,,,,,,,
"h12_8","H12 Durante el último año (2023), ¿usted ha recibido servicios de extensión, ase","factor","(1) Sí, (2) No",2,18,5.09915014164306,,,,,,,,
"h12_9","H12 Durante el último año (2023), ¿usted ha recibido servicios de extensión, ase","factor","(1) Sí, (2) No",2,18,5.09915014164306,,,,,,,,
"h12_10","H12 Durante el último año (2023), ¿usted ha recibido servicios de extensión, ase","factor","(1) Sí, (2) No",2,18,5.09915014164306,,,,,,,,
"h12_11","H12 Durante el último año (2023), ¿usted ha recibido servicios de extensión, ase","factor","(1) Sí, (2) No",2,19,5.38243626062323,,,,,,,,
"h12_12","H12 Durante el último año (2023), ¿usted ha recibido servicios de extensión, ase","factor","(1) Sí, (2) No",2,19,5.38243626062323,,,,,,,,
"h12_13","H12 Durante el último año (2023), ¿usted ha recibido servicios de extensión, ase","factor","(1) Sí, (2) No",2,19,5.38243626062323,,,,,,,,
"h12_14","H12 Durante el último año (2023), ¿usted ha recibido servicios de extensión, ase","factor","(1) Sí, (2) No",2,19,5.38243626062323,,,,,,,,
"h13_1","H13 ¿Quién o qué institución brindó servicio de extensión, asesoría o capacitaci","character",,,0,0,,,,,,,,
"h13_2","H13 ¿Quién o qué institución brindó servicio de extensión, asesoría o capacitaci","character",,,18,5.09915014164306,,,,,,,,
"h13_3","H13 ¿Quién o qué institución brindó servicio de extensión, asesoría o capacitaci","character",,,18,5.09915014164306,,,,,,,,
"h13_4","H13 ¿Quién o qué institución brindó servicio de extensión, asesoría o capacitaci","character",,,18,5.09915014164306,,,,,,,,
"h13_5","H13 ¿Quién o qué institución brindó servicio de extensión, asesoría o capacitaci","character",,,18,5.09915014164306,,,,,,,,
"h13_6","H13 ¿Quién o qué institución brindó servicio de extensión, asesoría o capacitaci","character",,,18,5.09915014164306,,,,,,,,
"h13_7","H13 ¿Quién o qué institución brindó servicio de extensión, asesoría o capacitaci","character",,,18,5.09915014164306,,,,,,,,
"h13_8","H13 ¿Quién o qué institución brindó servicio de extensión, asesoría o capacitaci","character",,,18,5.09915014164306,,,,,,,,
"h13_9","H13 ¿Quién o qué institución brindó servicio de extensión, asesoría o capacitaci","character",,,18,5.09915014164306,,,,,,,,
"h13_10","H13 ¿Quién o qué institución brindó servicio de extensión, asesoría o capacitaci","character",,,18,5.09915014164306,,,,,,,,
"h13_11","H13 ¿Quién o qué institución brindó servicio de extensión, asesoría o capacitaci","character",,,19,5.38243626062323,,,,,,,,
"h13_12","H13 ¿Quién o qué institución brindó servicio de extensión, asesoría o capacitaci","character",,,19,5.38243626062323,,,,,,,,
"h13_13","H13 ¿Quién o qué institución brindó servicio de extensión, asesoría o capacitaci","character",,,19,5.38243626062323,,,,,,,,
"h13_14","H13 ¿Quién o qué institución brindó servicio de extensión, asesoría o capacitaci","character",,,19,5.38243626062323,,,,,,,,
"h13_A_1","H13 Recibió capacitación de: Fedearroz","factor","(1) Sí, (2) No",2,0,0,,,,,,,,
"h13_A_2","H13 Recibió capacitación de: Fedearroz","factor","(1) Sí, (2) No",2,18,5.09915014164306,,,,,,,,
"h13_A_3","H13 Recibió capacitación de: Fedearroz","factor","(1) Sí, (2) No",2,18,5.09915014164306,,,,,,,,
"h13_A_4","H13 Recibió capacitación de: Fedearroz","factor","(1) Sí, (2) No",2,18,5.09915014164306,,,,,,,,
"h13_A_5","H13 Recibió capacitación de: Fedearroz","factor","(1) Sí, (2) No",2,18,5.09915014164306,,,,,,,,
"h13_A_6","H13 Recibió capacitación de: Fedearroz","factor","(1) Sí, (2) No",2,18,5.09915014164306,,,,,,,,
"h13_A_7","H13 Recibió capacitación de: Fedearroz","factor","(1) Sí, (2) No",2,18,5.09915014164306,,,,,,,,
"h13_A_8","H13 Recibió capacitación de: Fedearroz","factor","(1) Sí, (2) No",2,18,5.09915014164306,,,,,,,,
"h13_A_9","H13 Recibió capacitación de: Fedearroz","factor","(1) Sí, (2) No",2,18,5.09915014164306,,,,,,,,
"h13_A_10","H13 Recibió capacitación de: Fedearroz","factor","(1) Sí, (2) No",2,18,5.09915014164306,,,,,,,,
"h13_A_11","H13 Recibió capacitación de: Fedearroz","factor","(1) Sí, (2) No",2,19,5.38243626062323,,,,,,,,
"h13_A_12","H13 Recibió capacitación de: Fedearroz","factor","(1) Sí, (2) No",2,19,5.38243626062323,,,,,,,,
"h13_A_13","H13 Recibió capacitación de: Fedearroz","factor","(1) Sí, (2) No",2,19,5.38243626062323,,,,,,,,
"h13_A_14","H13 Recibió capacitación de: Fedearroz","factor","(1) Sí, (2) No",2,19,5.38243626062323,,,,,,,,
"h13_B_1","H13 Recibió capacitación de: Otra organización/grupo de productores","factor","(1) Sí, (2) No",2,0,0,,,,,,,,
"h13_B_2","H13 Recibió capacitación de: Otra organización/grupo de productores","factor","(1) Sí, (2) No",2,18,5.09915014164306,,,,,,,,
"h13_B_3","H13 Recibió capacitación de: Otra organización/grupo de productores","factor","(1) Sí, (2) No",2,18,5.09915014164306,,,,,,,,
"h13_B_4","H13 Recibió capacitación de: Otra organización/grupo de productores","factor","(1) Sí, (2) No",2,18,5.09915014164306,,,,,,,,
"h13_B_5","H13 Recibió capacitación de: Otra organización/grupo de productores","factor","(1) Sí, (2) No",2,18,5.09915014164306,,,,,,,,
"h13_B_6","H13 Recibió capacitación de: Otra organización/grupo de productores","factor","(1) Sí, (2) No",2,18,5.09915014164306,,,,,,,,
"h13_B_7","H13 Recibió capacitación de: Otra organización/grupo de productores","factor","(1) Sí, (2) No",2,18,5.09915014164306,,,,,,,,
"h13_B_8","H13 Recibió capacitación de: Otra organización/grupo de productores","factor","(1) Sí, (2) No",2,18,5.09915014164306,,,,,,,,
"h13_B_9","H13 Recibió capacitación de: Otra organización/grupo de productores","factor","(1) Sí, (2) No",2,18,5.09915014164306,,,,,,,,
"h13_B_10","H13 Recibió capacitación de: Otra organización/grupo de productores","factor","(1) Sí, (2) No",2,18,5.09915014164306,,,,,,,,
"h13_B_11","H13 Recibió capacitación de: Otra organización/grupo de productores","factor","(1) Sí, (2) No",2,19,5.38243626062323,,,,,,,,
"h13_B_12","H13 Recibió capacitación de: Otra organización/grupo de productores","factor","(1) Sí, (2) No",2,19,5.38243626062323,,,,,,,,
"h13_B_13","H13 Recibió capacitación de: Otra organización/grupo de productores","factor","(1) Sí, (2) No",2,19,5.38243626062323,,,,,,,,
"h13_B_14","H13 Recibió capacitación de: Otra organización/grupo de productores","factor","(1) Sí, (2) No",2,19,5.38243626062323,,,,,,,,
"h13_C_1","H13 Recibió capacitación de: Casas comerciales","factor","(1) Sí, (2) No",2,0,0,,,,,,,,
"h13_C_2","H13 Recibió capacitación de: Casas comerciales","factor","(1) Sí, (2) No",2,18,5.09915014164306,,,,,,,,
"h13_C_3","H13 Recibió capacitación de: Casas comerciales","factor","(1) Sí, (2) No",2,18,5.09915014164306,,,,,,,,
"h13_C_4","H13 Recibió capacitación de: Casas comerciales","factor","(1) Sí, (2) No",2,18,5.09915014164306,,,,,,,,
"h13_C_5","H13 Recibió capacitación de: Casas comerciales","factor","(1) Sí, (2) No",2,18,5.09915014164306,,,,,,,,
"h13_C_6","H13 Recibió capacitación de: Casas comerciales","factor","(1) Sí, (2) No",2,18,5.09915014164306,,,,,,,,
"h13_C_7","H13 Recibió capacitación de: Casas comerciales","factor","(1) Sí, (2) No",2,18,5.09915014164306,,,,,,,,
"h13_C_8","H13 Recibió capacitación de: Casas comerciales","factor","(1) Sí, (2) No",2,18,5.09915014164306,,,,,,,,
"h13_C_9","H13 Recibió capacitación de: Casas comerciales","factor","(1) Sí, (2) No",2,18,5.09915014164306,,,,,,,,
"h13_C_10","H13 Recibió capacitación de: Casas comerciales","factor","(1) Sí, (2) No",2,18,5.09915014164306,,,,,,,,
"h13_C_11","H13 Recibió capacitación de: Casas comerciales","factor","(1) Sí, (2) No",2,19,5.38243626062323,,,,,,,,
"h13_C_12","H13 Recibió capacitación de: Casas comerciales","factor","(1) Sí, (2) No",2,19,5.38243626062323,,,,,,,,
"h13_C_13","H13 Recibió capacitación de: Casas comerciales","factor","(1) Sí, (2) No",2,19,5.38243626062323,,,,,,,,
"h13_C_14","H13 Recibió capacitación de: Casas comerciales","factor","(1) Sí, (2) No",2,19,5.38243626062323,,,,,,,,
"h13_D_1","H13 Recibió capacitación de: Proyecto cooperación/(ONG's)","factor","(1) Sí, (2) No",2,0,0,,,,,,,,
"h13_D_2","H13 Recibió capacitación de: Proyecto cooperación/(ONG's)","factor","(1) Sí, (2) No",2,18,5.09915014164306,,,,,,,,
"h13_D_3","H13 Recibió capacitación de: Proyecto cooperación/(ONG's)","factor","(1) Sí, (2) No",2,18,5.09915014164306,,,,,,,,
"h13_D_4","H13 Recibió capacitación de: Proyecto cooperación/(ONG's)","factor","(1) Sí, (2) No",2,18,5.09915014164306,,,,,,,,
"h13_D_5","H13 Recibió capacitación de: Proyecto cooperación/(ONG's)","factor","(1) Sí, (2) No",2,18,5.09915014164306,,,,,,,,
"h13_D_6","H13 Recibió capacitación de: Proyecto cooperación/(ONG's)","factor","(1) Sí, (2) No",2,18,5.09915014164306,,,,,,,,
"h13_D_7","H13 Recibió capacitación de: Proyecto cooperación/(ONG's)","factor","(1) Sí, (2) No",2,18,5.09915014164306,,,,,,,,
"h13_D_8","H13 Recibió capacitación de: Proyecto cooperación/(ONG's)","factor","(1) Sí, (2) No",2,18,5.09915014164306,,,,,,,,
"h13_D_9","H13 Recibió capacitación de: Proyecto cooperación/(ONG's)","factor","(1) Sí, (2) No",2,18,5.09915014164306,,,,,,,,
"h13_D_10","H13 Recibió capacitación de: Proyecto cooperación/(ONG's)","factor","(1) Sí, (2) No",2,18,5.09915014164306,,,,,,,,
"h13_D_11","H13 Recibió capacitación de: Proyecto cooperación/(ONG's)","factor","(1) Sí, (2) No",2,19,5.38243626062323,,,,,,,,
"h13_D_12","H13 Recibió capacitación de: Proyecto cooperación/(ONG's)","factor","(1) Sí, (2) No",2,19,5.38243626062323,,,,,,,,
"h13_D_13","H13 Recibió capacitación de: Proyecto cooperación/(ONG's)","factor","(1) Sí, (2) No",2,19,5.38243626062323,,,,,,,,
"h13_D_14","H13 Recibió capacitación de: Proyecto cooperación/(ONG's)","factor","(1) Sí, (2) No",2,19,5.38243626062323,,,,,,,,
"h13_E_1","H13 Recibió capacitación de: Distritos de riego","factor","(1) Sí, (2) No",2,0,0,,,,,,,,
"h13_E_2","H13 Recibió capacitación de: Distritos de riego","factor","(1) Sí, (2) No",2,18,5.09915014164306,,,,,,,,
"h13_E_3","H13 Recibió capacitación de: Distritos de riego","factor","(1) Sí, (2) No",2,18,5.09915014164306,,,,,,,,
"h13_E_4","H13 Recibió capacitación de: Distritos de riego","factor","(1) Sí, (2) No",2,18,5.09915014164306,,,,,,,,
"h13_E_5","H13 Recibió capacitación de: Distritos de riego","factor","(1) Sí, (2) No",2,18,5.09915014164306,,,,,,,,
"h13_E_6","H13 Recibió capacitación de: Distritos de riego","factor","(1) Sí, (2) No",2,18,5.09915014164306,,,,,,,,
"h13_E_7","H13 Recibió capacitación de: Distritos de riego","factor","(1) Sí, (2) No",2,18,5.09915014164306,,,,,,,,
"h13_E_8","H13 Recibió capacitación de: Distritos de riego","factor","(1) Sí, (2) No",2,18,5.09915014164306,,,,,,,,
"h13_E_9","H13 Recibió capacitación de: Distritos de riego","factor","(1) Sí, (2) No",2,18,5.09915014164306,,,,,,,,
"h13_E_10","H13 Recibió capacitación de: Distritos de riego","factor","(1) Sí, (2) No",2,18,5.09915014164306,,,,,,,,
"h13_E_11","H13 Recibió capacitación de: Distritos de riego","factor","(1) Sí, (2) No",2,19,5.38243626062323,,,,,,,,
"h13_E_12","H13 Recibió capacitación de: Distritos de riego","factor","(1) Sí, (2) No",2,19,5.38243626062323,,,,,,,,
"h13_E_13","H13 Recibió capacitación de: Distritos de riego","factor","(1) Sí, (2) No",2,19,5.38243626062323,,,,,,,,
"h13_E_14","H13 Recibió capacitación de: Distritos de riego","factor","(1) Sí, (2) No",2,19,5.38243626062323,,,,,,,,
"h13_F_1","H13 Recibió capacitación de: Molino","factor","(1) Sí, (2) No",2,0,0,,,,,,,,
"h13_F_2","H13 Recibió capacitación de: Molino","factor","(1) Sí, (2) No",2,18,5.09915014164306,,,,,,,,
"h13_F_3","H13 Recibió capacitación de: Molino","factor","(1) Sí, (2) No",2,18,5.09915014164306,,,,,,,,
"h13_F_4","H13 Recibió capacitación de: Molino","factor","(1) Sí, (2) No",2,18,5.09915014164306,,,,,,,,
"h13_F_5","H13 Recibió capacitación de: Molino","factor","(1) Sí, (2) No",2,18,5.09915014164306,,,,,,,,
"h13_F_6","H13 Recibió capacitación de: Molino","factor","(1) Sí, (2) No",2,18,5.09915014164306,,,,,,,,
"h13_F_7","H13 Recibió capacitación de: Molino","factor","(1) Sí, (2) No",2,18,5.09915014164306,,,,,,,,
"h13_F_8","H13 Recibió capacitación de: Molino","factor","(1) Sí, (2) No",2,18,5.09915014164306,,,,,,,,
"h13_F_9","H13 Recibió capacitación de: Molino","factor","(1) Sí, (2) No",2,18,5.09915014164306,,,,,,,,
"h13_F_10","H13 Recibió capacitación de: Molino","factor","(1) Sí, (2) No",2,18,5.09915014164306,,,,,,,,
"h13_F_11","H13 Recibió capacitación de: Molino","factor","(1) Sí, (2) No",2,19,5.38243626062323,,,,,,,,
"h13_F_12","H13 Recibió capacitación de: Molino","factor","(1) Sí, (2) No",2,19,5.38243626062323,,,,,,,,
"h13_F_13","H13 Recibió capacitación de: Molino","factor","(1) Sí, (2) No",2,19,5.38243626062323,,,,,,,,
"h13_F_14","H13 Recibió capacitación de: Molino","factor","(1) Sí, (2) No",2,19,5.38243626062323,,,,,,,,
"h13_G_1","H13 Recibió capacitación de: Particular","factor","(1) Sí, (2) No",2,0,0,,,,,,,,
"h13_G_2","H13 Recibió capacitación de: Particular","factor","(1) Sí, (2) No",2,18,5.09915014164306,,,,,,,,
"h13_G_3","H13 Recibió capacitación de: Particular","factor","(1) Sí, (2) No",2,18,5.09915014164306,,,,,,,,
"h13_G_4","H13 Recibió capacitación de: Particular","factor","(1) Sí, (2) No",2,18,5.09915014164306,,,,,,,,
"h13_G_5","H13 Recibió capacitación de: Particular","factor","(1) Sí, (2) No",2,18,5.09915014164306,,,,,,,,
"h13_G_6","H13 Recibió capacitación de: Particular","factor","(1) Sí, (2) No",2,18,5.09915014164306,,,,,,,,
"h13_G_7","H13 Recibió capacitación de: Particular","factor","(1) Sí, (2) No",2,18,5.09915014164306,,,,,,,,
"h13_G_8","H13 Recibió capacitación de: Particular","factor","(1) Sí, (2) No",2,18,5.09915014164306,,,,,,,,
"h13_G_9","H13 Recibió capacitación de: Particular","factor","(1) Sí, (2) No",2,18,5.09915014164306,,,,,,,,
"h13_G_10","H13 Recibió capacitación de: Particular","factor","(1) Sí, (2) No",2,18,5.09915014164306,,,,,,,,
"h13_G_11","H13 Recibió capacitación de: Particular","factor","(1) Sí, (2) No",2,19,5.38243626062323,,,,,,,,
"h13_G_12","H13 Recibió capacitación de: Particular","factor","(1) Sí, (2) No",2,19,5.38243626062323,,,,,,,,
"h13_G_13","H13 Recibió capacitación de: Particular","factor","(1) Sí, (2) No",2,19,5.38243626062323,,,,,,,,
"h13_G_14","H13 Recibió capacitación de: Particular","factor","(1) Sí, (2) No",2,19,5.38243626062323,,,,,,,,
"h13_H_1","H13 Recibió capacitación de: Productor","factor","(1) Sí, (2) No",2,0,0,,,,,,,,
"h13_H_2","H13 Recibió capacitación de: Productor","factor","(1) Sí, (2) No",2,18,5.09915014164306,,,,,,,,
"h13_H_3","H13 Recibió capacitación de: Productor","factor","(1) Sí, (2) No",2,18,5.09915014164306,,,,,,,,
"h13_H_4","H13 Recibió capacitación de: Productor","factor","(1) Sí, (2) No",2,18,5.09915014164306,,,,,,,,
"h13_H_5","H13 Recibió capacitación de: Productor","factor","(1) Sí, (2) No",2,18,5.09915014164306,,,,,,,,
"h13_H_6","H13 Recibió capacitación de: Productor","factor","(1) Sí, (2) No",2,18,5.09915014164306,,,,,,,,
"h13_H_7","H13 Recibió capacitación de: Productor","factor","(1) Sí, (2) No",2,18,5.09915014164306,,,,,,,,
"h13_H_8","H13 Recibió capacitación de: Productor","factor","(1) Sí, (2) No",2,18,5.09915014164306,,,,,,,,
"h13_H_9","H13 Recibió capacitación de: Productor","factor","(1) Sí, (2) No",2,18,5.09915014164306,,,,,,,,
"h13_H_10","H13 Recibió capacitación de: Productor","factor","(1) Sí, (2) No",2,18,5.09915014164306,,,,,,,,
"h13_H_11","H13 Recibió capacitación de: Productor","factor","(1) Sí, (2) No",2,19,5.38243626062323,,,,,,,,
"h13_H_12","H13 Recibió capacitación de: Productor","factor","(1) Sí, (2) No",2,19,5.38243626062323,,,,,,,,
"h13_H_13","H13 Recibió capacitación de: Productor","factor","(1) Sí, (2) No",2,19,5.38243626062323,,,,,,,,
"h13_H_14","H13 Recibió capacitación de: Productor","factor","(1) Sí, (2) No",2,19,5.38243626062323,,,,,,,,
"h13_7_1","H13 Recibió capacitación de: NS/NR","factor","(1) Sí, (2) No",2,0,0,,,,,,,,
"h13_7_2","H13 Recibió capacitación de: NS/NR","factor","(1) Sí, (2) No",2,18,5.09915014164306,,,,,,,,
"h13_7_3","H13 Recibió capacitación de: NS/NR","factor","(1) Sí, (2) No",2,18,5.09915014164306,,,,,,,,
"h13_7_4","H13 Recibió capacitación de: NS/NR","factor","(1) Sí, (2) No",2,18,5.09915014164306,,,,,,,,
"h13_7_5","H13 Recibió capacitación de: NS/NR","factor","(1) Sí, (2) No",2,18,5.09915014164306,,,,,,,,
"h13_7_6","H13 Recibió capacitación de: NS/NR","factor","(1) Sí, (2) No",2,18,5.09915014164306,,,,,,,,
"h13_7_7","H13 Recibió capacitación de: NS/NR","factor","(1) Sí, (2) No",2,18,5.09915014164306,,,,,,,,
"h13_7_8","H13 Recibió capacitación de: NS/NR","factor","(1) Sí, (2) No",2,18,5.09915014164306,,,,,,,,
"h13_7_9","H13 Recibió capacitación de: NS/NR","factor","(1) Sí, (2) No",2,18,5.09915014164306,,,,,,,,
"h13_7_10","H13 Recibió capacitación de: NS/NR","factor","(1) Sí, (2) No",2,18,5.09915014164306,,,,,,,,
"h13_7_11","H13 Recibió capacitación de: NS/NR","factor","(1) Sí, (2) No",2,19,5.38243626062323,,,,,,,,
"h13_7_12","H13 Recibió capacitación de: NS/NR","factor","(1) Sí, (2) No",2,19,5.38243626062323,,,,,,,,
"h13_7_13","H13 Recibió capacitación de: NS/NR","factor","(1) Sí, (2) No",2,19,5.38243626062323,,,,,,,,
"h13_7_14","H13 Recibió capacitación de: NS/NR","factor","(1) Sí, (2) No",2,19,5.38243626062323,,,,,,,,
"h13_I_1","H13 Recibió capacitación de: Otro, especifique","factor","(1) Sí, (2) No",2,0,0,,,,,,,,
"h13_I_2","H13 Recibió capacitación de: Otro, especifique","factor","(1) Sí, (2) No",2,18,5.09915014164306,,,,,,,,
"h13_I_3","H13 Recibió capacitación de: Otro, especifique","factor","(1) Sí, (2) No",2,18,5.09915014164306,,,,,,,,
"h13_I_4","H13 Recibió capacitación de: Otro, especifique","factor","(1) Sí, (2) No",2,18,5.09915014164306,,,,,,,,
"h13_I_5","H13 Recibió capacitación de: Otro, especifique","factor","(1) Sí, (2) No",2,18,5.09915014164306,,,,,,,,
"h13_I_6","H13 Recibió capacitación de: Otro, especifique","factor","(1) Sí, (2) No",2,18,5.09915014164306,,,,,,,,
"h13_I_7","H13 Recibió capacitación de: Otro, especifique","factor","(1) Sí, (2) No",2,18,5.09915014164306,,,,,,,,
"h13_I_8","H13 Recibió capacitación de: Otro, especifique","factor","(1) Sí, (2) No",2,18,5.09915014164306,,,,,,,,
"h13_I_9","H13 Recibió capacitación de: Otro, especifique","factor","(1) Sí, (2) No",2,18,5.09915014164306,,,,,,,,
"h13_I_10","H13 Recibió capacitación de: Otro, especifique","factor","(1) Sí, (2) No",2,18,5.09915014164306,,,,,,,,
"h13_I_11","H13 Recibió capacitación de: Otro, especifique","factor","(1) Sí, (2) No",2,19,5.38243626062323,,,,,,,,
"h13_I_12","H13 Recibió capacitación de: Otro, especifique","factor","(1) Sí, (2) No",2,19,5.38243626062323,,,,,,,,
"h13_I_13","H13 Recibió capacitación de: Otro, especifique","factor","(1) Sí, (2) No",2,19,5.38243626062323,,,,,,,,
"h13_I_14","H13 Recibió capacitación de: Otro, especifique","factor","(1) Sí, (2) No",2,19,5.38243626062323,,,,,,,,
"h13a_1","H13 Otra institución ","character",,,31,8.78186968838527,,,,,,,,
"h13a_2","H13 Otra institución ","character",,,79,22.3796033994334,,,,,,,,
"h13a_3","H13 Otra institución ","character",,,51,14.4475920679887,,,,,,,,
"h13a_4","H13 Otra institución ","character",,,36,10.1983002832861,,,,,,,,
"h13a_5","H13 Otra institución ","character",,,35,9.91501416430595,,,,,,,,
"h13a_6","H13 Otra institución ","character",,,33,9.34844192634561,,,,,,,,
"h13a_7","H13 Otra institución ","character",,,18,5.09915014164306,,,,,,,,
"h13a_8","H13 Otra institución ","character",,,19,5.38243626062323,,,,,,,,
"h13a_9","H13 Otra institución ","character",,,55,15.5807365439093,,,,,,,,
"h13a_10","H13 Otra institución ","character",,,69,19.5467422096317,,,,,,,,
"h13a_11","H13 Otra institución ","character",,,44,12.4645892351275,,,,,,,,
"h13a_12","H13 Otra institución ","character",,,30,8.4985835694051,,,,,,,,
"h13a_13","H13 Otra institución ","character",,,21,5.94900849858357,,,,,,,,
"h13a_14","H13 Otra institución ","character",,,32,9.06515580736544,,,,,,,,
"h14_1","H14 La información brindada fue en forma de:","character",,,0,0,,,,,,,,
"h14_2","H14 La información brindada fue en forma de:","character",,,18,5.09915014164306,,,,,,,,
"h14_3","H14 La información brindada fue en forma de:","character",,,18,5.09915014164306,,,,,,,,
"h14_4","H14 La información brindada fue en forma de:","character",,,18,5.09915014164306,,,,,,,,
"h14_5","H14 La información brindada fue en forma de:","character",,,18,5.09915014164306,,,,,,,,
"h14_6","H14 La información brindada fue en forma de:","character",,,18,5.09915014164306,,,,,,,,
"h14_7","H14 La información brindada fue en forma de:","character",,,18,5.09915014164306,,,,,,,,
"h14_8","H14 La información brindada fue en forma de:","character",,,18,5.09915014164306,,,,,,,,
"h14_9","H14 La información brindada fue en forma de:","character",,,18,5.09915014164306,,,,,,,,
"h14_10","H14 La información brindada fue en forma de:","character",,,18,5.09915014164306,,,,,,,,
"h14_11","H14 La información brindada fue en forma de:","character",,,19,5.38243626062323,,,,,,,,
"h14_12","H14 La información brindada fue en forma de:","character",,,19,5.38243626062323,,,,,,,,
"h14_13","H14 La información brindada fue en forma de:","character",,,19,5.38243626062323,,,,,,,,
"h14_14","H14 La información brindada fue en forma de:","character",,,19,5.38243626062323,,,,,,,,
"h14_A_1","H14 La información brindada fue en forma de: Asesoría técnica personalizada","factor","(1) Sí, (2) No",2,0,0,,,,,,,,
"h14_A_2","H14 La información brindada fue en forma de: Asesoría técnica personalizada","factor","(1) Sí, (2) No",2,18,5.09915014164306,,,,,,,,
"h14_A_3","H14 La información brindada fue en forma de: Asesoría técnica personalizada","factor","(1) Sí, (2) No",2,18,5.09915014164306,,,,,,,,
"h14_A_4","H14 La información brindada fue en forma de: Asesoría técnica personalizada","factor","(1) Sí, (2) No",2,18,5.09915014164306,,,,,,,,
"h14_A_5","H14 La información brindada fue en forma de: Asesoría técnica personalizada","factor","(1) Sí, (2) No",2,18,5.09915014164306,,,,,,,,
"h14_A_6","H14 La información brindada fue en forma de: Asesoría técnica personalizada","factor","(1) Sí, (2) No",2,18,5.09915014164306,,,,,,,,
"h14_A_7","H14 La información brindada fue en forma de: Asesoría técnica personalizada","factor","(1) Sí, (2) No",2,18,5.09915014164306,,,,,,,,
"h14_A_8","H14 La información brindada fue en forma de: Asesoría técnica personalizada","factor","(1) Sí, (2) No",2,18,5.09915014164306,,,,,,,,
"h14_A_9","H14 La información brindada fue en forma de: Asesoría técnica personalizada","factor","(1) Sí, (2) No",2,18,5.09915014164306,,,,,,,,
"h14_A_10","H14 La información brindada fue en forma de: Asesoría técnica personalizada","factor","(1) Sí, (2) No",2,18,5.09915014164306,,,,,,,,
"h14_A_11","H14 La información brindada fue en forma de: Asesoría técnica personalizada","factor","(1) Sí, (2) No",2,19,5.38243626062323,,,,,,,,
"h14_A_12","H14 La información brindada fue en forma de: Asesoría técnica personalizada","factor","(1) Sí, (2) No",2,19,5.38243626062323,,,,,,,,
"h14_A_13","H14 La información brindada fue en forma de: Asesoría técnica personalizada","factor","(1) Sí, (2) No",2,19,5.38243626062323,,,,,,,,
"h14_A_14","H14 La información brindada fue en forma de: Asesoría técnica personalizada","factor","(1) Sí, (2) No",2,19,5.38243626062323,,,,,,,,
"h14_B_1","H14 La información brindada fue en forma de: Charlas con más productores","factor","(1) Sí, (2) No",2,0,0,,,,,,,,
"h14_B_2","H14 La información brindada fue en forma de: Charlas con más productores","factor","(1) Sí, (2) No",2,18,5.09915014164306,,,,,,,,
"h14_B_3","H14 La información brindada fue en forma de: Charlas con más productores","factor","(1) Sí, (2) No",2,18,5.09915014164306,,,,,,,,
"h14_B_4","H14 La información brindada fue en forma de: Charlas con más productores","factor","(1) Sí, (2) No",2,18,5.09915014164306,,,,,,,,
"h14_B_5","H14 La información brindada fue en forma de: Charlas con más productores","factor","(1) Sí, (2) No",2,18,5.09915014164306,,,,,,,,
"h14_B_6","H14 La información brindada fue en forma de: Charlas con más productores","factor","(1) Sí, (2) No",2,18,5.09915014164306,,,,,,,,
"h14_B_7","H14 La información brindada fue en forma de: Charlas con más productores","factor","(1) Sí, (2) No",2,18,5.09915014164306,,,,,,,,
"h14_B_8","H14 La información brindada fue en forma de: Charlas con más productores","factor","(1) Sí, (2) No",2,18,5.09915014164306,,,,,,,,
"h14_B_9","H14 La información brindada fue en forma de: Charlas con más productores","factor","(1) Sí, (2) No",2,18,5.09915014164306,,,,,,,,
"h14_B_10","H14 La información brindada fue en forma de: Charlas con más productores","factor","(1) Sí, (2) No",2,18,5.09915014164306,,,,,,,,
"h14_B_11","H14 La información brindada fue en forma de: Charlas con más productores","factor","(1) Sí, (2) No",2,19,5.38243626062323,,,,,,,,
"h14_B_12","H14 La información brindada fue en forma de: Charlas con más productores","factor","(1) Sí, (2) No",2,19,5.38243626062323,,,,,,,,
"h14_B_13","H14 La información brindada fue en forma de: Charlas con más productores","factor","(1) Sí, (2) No",2,19,5.38243626062323,,,,,,,,
"h14_B_14","H14 La información brindada fue en forma de: Charlas con más productores","factor","(1) Sí, (2) No",2,19,5.38243626062323,,,,,,,,
"h14_C_1","H14 La información brindada fue en forma de: Cursos","factor","(1) Sí, (2) No",2,0,0,,,,,,,,
"h14_C_2","H14 La información brindada fue en forma de: Cursos","factor","(1) Sí, (2) No",2,18,5.09915014164306,,,,,,,,
"h14_C_3","H14 La información brindada fue en forma de: Cursos","factor","(1) Sí, (2) No",2,18,5.09915014164306,,,,,,,,
"h14_C_4","H14 La información brindada fue en forma de: Cursos","factor","(1) Sí, (2) No",2,18,5.09915014164306,,,,,,,,
"h14_C_5","H14 La información brindada fue en forma de: Cursos","factor","(1) Sí, (2) No",2,18,5.09915014164306,,,,,,,,
"h14_C_6","H14 La información brindada fue en forma de: Cursos","factor","(1) Sí, (2) No",2,18,5.09915014164306,,,,,,,,
"h14_C_7","H14 La información brindada fue en forma de: Cursos","factor","(1) Sí, (2) No",2,18,5.09915014164306,,,,,,,,
"h14_C_8","H14 La información brindada fue en forma de: Cursos","factor","(1) Sí, (2) No",2,18,5.09915014164306,,,,,,,,
"h14_C_9","H14 La información brindada fue en forma de: Cursos","factor","(1) Sí, (2) No",2,18,5.09915014164306,,,,,,,,
"h14_C_10","H14 La información brindada fue en forma de: Cursos","factor","(1) Sí, (2) No",2,18,5.09915014164306,,,,,,,,
"h14_C_11","H14 La información brindada fue en forma de: Cursos","factor","(1) Sí, (2) No",2,19,5.38243626062323,,,,,,,,
"h14_C_12","H14 La información brindada fue en forma de: Cursos","factor","(1) Sí, (2) No",2,19,5.38243626062323,,,,,,,,
"h14_C_13","H14 La información brindada fue en forma de: Cursos","factor","(1) Sí, (2) No",2,19,5.38243626062323,,,,,,,,
"h14_C_14","H14 La información brindada fue en forma de: Cursos","factor","(1) Sí, (2) No",2,19,5.38243626062323,,,,,,,,
"h14_D_1","H14 La información brindada fue en forma de: Revista / boletines / volantes","factor","(1) Sí, (2) No",2,0,0,,,,,,,,
"h14_D_2","H14 La información brindada fue en forma de: Revista / boletines / volantes","factor","(1) Sí, (2) No",2,18,5.09915014164306,,,,,,,,
"h14_D_3","H14 La información brindada fue en forma de: Revista / boletines / volantes","factor","(1) Sí, (2) No",2,18,5.09915014164306,,,,,,,,
"h14_D_4","H14 La información brindada fue en forma de: Revista / boletines / volantes","factor","(1) Sí, (2) No",2,18,5.09915014164306,,,,,,,,
"h14_D_5","H14 La información brindada fue en forma de: Revista / boletines / volantes","factor","(1) Sí, (2) No",2,18,5.09915014164306,,,,,,,,
"h14_D_6","H14 La información brindada fue en forma de: Revista / boletines / volantes","factor","(1) Sí, (2) No",2,18,5.09915014164306,,,,,,,,
"h14_D_7","H14 La información brindada fue en forma de: Revista / boletines / volantes","factor","(1) Sí, (2) No",2,18,5.09915014164306,,,,,,,,
"h14_D_8","H14 La información brindada fue en forma de: Revista / boletines / volantes","factor","(1) Sí, (2) No",2,18,5.09915014164306,,,,,,,,
"h14_D_9","H14 La información brindada fue en forma de: Revista / boletines / volantes","factor","(1) Sí, (2) No",2,18,5.09915014164306,,,,,,,,
"h14_D_10","H14 La información brindada fue en forma de: Revista / boletines / volantes","factor","(1) Sí, (2) No",2,18,5.09915014164306,,,,,,,,
"h14_D_11","H14 La información brindada fue en forma de: Revista / boletines / volantes","factor","(1) Sí, (2) No",2,19,5.38243626062323,,,,,,,,
"h14_D_12","H14 La información brindada fue en forma de: Revista / boletines / volantes","factor","(1) Sí, (2) No",2,19,5.38243626062323,,,,,,,,
"h14_D_13","H14 La información brindada fue en forma de: Revista / boletines / volantes","factor","(1) Sí, (2) No",2,19,5.38243626062323,,,,,,,,
"h14_D_14","H14 La información brindada fue en forma de: Revista / boletines / volantes","factor","(1) Sí, (2) No",2,19,5.38243626062323,,,,,,,,
"h14_E_1","H14 La información brindada fue en forma de: Mensajes de WhatsApp","factor","(1) Sí, (2) No",2,0,0,,,,,,,,
"h14_E_2","H14 La información brindada fue en forma de: Mensajes de WhatsApp","factor","(1) Sí, (2) No",2,18,5.09915014164306,,,,,,,,
"h14_E_3","H14 La información brindada fue en forma de: Mensajes de WhatsApp","factor","(1) Sí, (2) No",2,18,5.09915014164306,,,,,,,,
"h14_E_4","H14 La información brindada fue en forma de: Mensajes de WhatsApp","factor","(1) Sí, (2) No",2,18,5.09915014164306,,,,,,,,
"h14_E_5","H14 La información brindada fue en forma de: Mensajes de WhatsApp","factor","(1) Sí, (2) No",2,18,5.09915014164306,,,,,,,,
"h14_E_6","H14 La información brindada fue en forma de: Mensajes de WhatsApp","factor","(1) Sí, (2) No",2,18,5.09915014164306,,,,,,,,
"h14_E_7","H14 La información brindada fue en forma de: Mensajes de WhatsApp","factor","(1) Sí, (2) No",2,18,5.09915014164306,,,,,,,,
"h14_E_8","H14 La información brindada fue en forma de: Mensajes de WhatsApp","factor","(1) Sí, (2) No",2,18,5.09915014164306,,,,,,,,
"h14_E_9","H14 La información brindada fue en forma de: Mensajes de WhatsApp","factor","(1) Sí, (2) No",2,18,5.09915014164306,,,,,,,,
"h14_E_10","H14 La información brindada fue en forma de: Mensajes de WhatsApp","factor","(1) Sí, (2) No",2,18,5.09915014164306,,,,,,,,
"h14_E_11","H14 La información brindada fue en forma de: Mensajes de WhatsApp","factor","(1) Sí, (2) No",2,19,5.38243626062323,,,,,,,,
"h14_E_12","H14 La información brindada fue en forma de: Mensajes de WhatsApp","factor","(1) Sí, (2) No",2,19,5.38243626062323,,,,,,,,
"h14_E_13","H14 La información brindada fue en forma de: Mensajes de WhatsApp","factor","(1) Sí, (2) No",2,19,5.38243626062323,,,,,,,,
"h14_E_14","H14 La información brindada fue en forma de: Mensajes de WhatsApp","factor","(1) Sí, (2) No",2,19,5.38243626062323,,,,,,,,
"h14_F_1","H14 La información brindada fue en forma de: Visita a una finca piloto","factor","(1) Sí, (2) No",2,0,0,,,,,,,,
"h14_F_2","H14 La información brindada fue en forma de: Visita a una finca piloto","factor","(1) Sí, (2) No",2,18,5.09915014164306,,,,,,,,
"h14_F_3","H14 La información brindada fue en forma de: Visita a una finca piloto","factor","(1) Sí, (2) No",2,18,5.09915014164306,,,,,,,,
"h14_F_4","H14 La información brindada fue en forma de: Visita a una finca piloto","factor","(1) Sí, (2) No",2,18,5.09915014164306,,,,,,,,
"h14_F_5","H14 La información brindada fue en forma de: Visita a una finca piloto","factor","(1) Sí, (2) No",2,18,5.09915014164306,,,,,,,,
"h14_F_6","H14 La información brindada fue en forma de: Visita a una finca piloto","factor","(1) Sí, (2) No",2,18,5.09915014164306,,,,,,,,
"h14_F_7","H14 La información brindada fue en forma de: Visita a una finca piloto","factor","(1) Sí, (2) No",2,18,5.09915014164306,,,,,,,,
"h14_F_8","H14 La información brindada fue en forma de: Visita a una finca piloto","factor","(1) Sí, (2) No",2,18,5.09915014164306,,,,,,,,
"h14_F_9","H14 La información brindada fue en forma de: Visita a una finca piloto","factor","(1) Sí, (2) No",2,18,5.09915014164306,,,,,,,,
"h14_F_10","H14 La información brindada fue en forma de: Visita a una finca piloto","factor","(1) Sí, (2) No",2,18,5.09915014164306,,,,,,,,
"h14_F_11","H14 La información brindada fue en forma de: Visita a una finca piloto","factor","(1) Sí, (2) No",2,19,5.38243626062323,,,,,,,,
"h14_F_12","H14 La información brindada fue en forma de: Visita a una finca piloto","factor","(1) Sí, (2) No",2,19,5.38243626062323,,,,,,,,
"h14_F_13","H14 La información brindada fue en forma de: Visita a una finca piloto","factor","(1) Sí, (2) No",2,19,5.38243626062323,,,,,,,,
"h14_F_14","H14 La información brindada fue en forma de: Visita a una finca piloto","factor","(1) Sí, (2) No",2,19,5.38243626062323,,,,,,,,
"h14_7_1","H14 La información brindada fue en forma de: NS/NR","factor","(1) Sí, (2) No",2,0,0,,,,,,,,
"h14_7_2","H14 La información brindada fue en forma de: NS/NR","factor","(1) Sí, (2) No",2,18,5.09915014164306,,,,,,,,
"h14_7_3","H14 La información brindada fue en forma de: NS/NR","factor","(1) Sí, (2) No",2,18,5.09915014164306,,,,,,,,
"h14_7_4","H14 La información brindada fue en forma de: NS/NR","factor","(1) Sí, (2) No",2,18,5.09915014164306,,,,,,,,
"h14_7_5","H14 La información brindada fue en forma de: NS/NR","factor","(1) Sí, (2) No",2,18,5.09915014164306,,,,,,,,
"h14_7_6","H14 La información brindada fue en forma de: NS/NR","factor","(1) Sí, (2) No",2,18,5.09915014164306,,,,,,,,
"h14_7_7","H14 La información brindada fue en forma de: NS/NR","factor","(1) Sí, (2) No",2,18,5.09915014164306,,,,,,,,
"h14_7_8","H14 La información brindada fue en forma de: NS/NR","factor","(1) Sí, (2) No",2,18,5.09915014164306,,,,,,,,
"h14_7_9","H14 La información brindada fue en forma de: NS/NR","factor","(1) Sí, (2) No",2,18,5.09915014164306,,,,,,,,
"h14_7_10","H14 La información brindada fue en forma de: NS/NR","factor","(1) Sí, (2) No",2,18,5.09915014164306,,,,,,,,
"h14_7_11","H14 La información brindada fue en forma de: NS/NR","factor","(1) Sí, (2) No",2,19,5.38243626062323,,,,,,,,
"h14_7_12","H14 La información brindada fue en forma de: NS/NR","factor","(1) Sí, (2) No",2,19,5.38243626062323,,,,,,,,
"h14_7_13","H14 La información brindada fue en forma de: NS/NR","factor","(1) Sí, (2) No",2,19,5.38243626062323,,,,,,,,
"h14_7_14","H14 La información brindada fue en forma de: NS/NR","factor","(1) Sí, (2) No",2,19,5.38243626062323,,,,,,,,
"h14_G_1","H14 La información brindada fue en forma de: Otro, especifique","factor","(1) Sí, (2) No",2,0,0,,,,,,,,
"h14_G_2","H14 La información brindada fue en forma de: Otro, especifique","factor","(1) Sí, (2) No",2,18,5.09915014164306,,,,,,,,
"h14_G_3","H14 La información brindada fue en forma de: Otro, especifique","factor","(1) Sí, (2) No",2,18,5.09915014164306,,,,,,,,
"h14_G_4","H14 La información brindada fue en forma de: Otro, especifique","factor","(1) Sí, (2) No",2,18,5.09915014164306,,,,,,,,
"h14_G_5","H14 La información brindada fue en forma de: Otro, especifique","factor","(1) Sí, (2) No",2,18,5.09915014164306,,,,,,,,
"h14_G_6","H14 La información brindada fue en forma de: Otro, especifique","factor","(1) Sí, (2) No",2,18,5.09915014164306,,,,,,,,
"h14_G_7","H14 La información brindada fue en forma de: Otro, especifique","factor","(1) Sí, (2) No",2,18,5.09915014164306,,,,,,,,
"h14_G_8","H14 La información brindada fue en forma de: Otro, especifique","factor","(1) Sí, (2) No",2,18,5.09915014164306,,,,,,,,
"h14_G_9","H14 La información brindada fue en forma de: Otro, especifique","factor","(1) Sí, (2) No",2,18,5.09915014164306,,,,,,,,
"h14_G_10","H14 La información brindada fue en forma de: Otro, especifique","factor","(1) Sí, (2) No",2,18,5.09915014164306,,,,,,,,
"h14_G_11","H14 La información brindada fue en forma de: Otro, especifique","factor","(1) Sí, (2) No",2,19,5.38243626062323,,,,,,,,
"h14_G_12","H14 La información brindada fue en forma de: Otro, especifique","factor","(1) Sí, (2) No",2,19,5.38243626062323,,,,,,,,
"h14_G_13","H14 La información brindada fue en forma de: Otro, especifique","factor","(1) Sí, (2) No",2,19,5.38243626062323,,,,,,,,
"h14_G_14","H14 La información brindada fue en forma de: Otro, especifique","factor","(1) Sí, (2) No",2,19,5.38243626062323,,,,,,,,
"h14a_1","H14 Otra forma en la que recibieron la información","character",,,35,9.91501416430595,,,,,,,,
"h14a_2","H14 Otra forma en la que recibieron la información","character",,,82,23.2294617563739,,,,,,,,
"h14a_3","H14 Otra forma en la que recibieron la información","character",,,54,15.2974504249292,,,,,,,,
"h14a_4","H14 Otra forma en la que recibieron la información","character",,,40,11.3314447592068,,,,,,,,
"h14a_5","H14 Otra forma en la que recibieron la información","character",,,35,9.91501416430595,,,,,,,,
"h14a_6","H14 Otra forma en la que recibieron la información","character",,,33,9.34844192634561,,,,,,,,
"h14a_7","H14 Otra forma en la que recibieron la información","character",,,18,5.09915014164306,,,,,,,,
"h14a_8","H14 Otra forma en la que recibieron la información","character",,,19,5.38243626062323,,,,,,,,
"h14a_9","H14 Otra forma en la que recibieron la información","character",,,58,16.4305949008499,,,,,,,,
"h14a_10","H14 Otra forma en la que recibieron la información","character",,,71,20.1133144475921,,,,,,,,
"h14a_11","H14 Otra forma en la que recibieron la información","character",,,47,13.314447592068,,,,,,,,
"h14a_12","H14 Otra forma en la que recibieron la información","character",,,31,8.78186968838527,,,,,,,,
"h14a_13","H14 Otra forma en la que recibieron la información","character",,,23,6.51558073654391,,,,,,,,
"h14a_14","H14 Otra forma en la que recibieron la información","character",,,34,9.63172804532578,,,,,,,,
"h15_1","H15 ¿Ustedes pagaron por la asesoría?","factor","(1) Sí, (2) No",2,317,89.8016997167139,,,,,,,,
"h15_2","H15 ¿Ustedes pagaron por la asesoría?","factor","(1) Sí, (2) No",2,289,81.8696883852691,,,,,,,,
"h15_3","H15 ¿Ustedes pagaron por la asesoría?","factor","(1) Sí, (2) No",2,316,89.5184135977337,,,,,,,,
"h15_4","H15 ¿Ustedes pagaron por la asesoría?","factor","(1) Sí, (2) No",2,331,93.7677053824363,,,,,,,,
"h15_5","H15 ¿Ustedes pagaron por la asesoría?","factor","(1) Sí, (2) No",2,336,95.1841359773371,,,,,,,,
"h15_6","H15 ¿Ustedes pagaron por la asesoría?","factor","(1) Sí, (2) No",2,338,95.7507082152975,,,,,,,,
"h15_7","H15 ¿Ustedes pagaron por la asesoría?","factor","(1) Sí, (2) No",2,353,100,,,,,,,,
"h15_8","H15 ¿Ustedes pagaron por la asesoría?","factor","(1) Sí, (2) No",2,352,99.7167138810198,,,,,,,,
"h15_9","H15 ¿Ustedes pagaron por la asesoría?","factor","(1) Sí, (2) No",2,313,88.6685552407932,,,,,,,,
"h15_10","H15 ¿Ustedes pagaron por la asesoría?","factor","(1) Sí, (2) No",2,299,84.7025495750708,,,,,,,,
"h15_11","H15 ¿Ustedes pagaron por la asesoría?","factor","(1) Sí, (2) No",2,325,92.0679886685552,,,,,,,,
"h15_12","H15 ¿Ustedes pagaron por la asesoría?","factor","(1) Sí, (2) No",2,341,96.600566572238,,,,,,,,
"h15_13","H15 ¿Ustedes pagaron por la asesoría?","factor","(1) Sí, (2) No",2,349,98.8668555240793,,,,,,,,
"h15_14","H15 ¿Ustedes pagaron por la asesoría?","factor","(1) Sí, (2) No",2,338,95.7507082152975,,,,,,,,
"h16_1","H16 ¿Usted siguió las recomendaciones recibidas por la asistencia técnica sobre ","factor","(1) Sí, (2) No",2,317,89.8016997167139,,,,,,,,
"h16_2","H16 ¿Usted siguió las recomendaciones recibidas por la asistencia técnica sobre ","factor","(1) Sí, (2) No",2,289,81.8696883852691,,,,,,,,
"h16_3","H16 ¿Usted siguió las recomendaciones recibidas por la asistencia técnica sobre ","factor","(1) Sí, (2) No",2,316,89.5184135977337,,,,,,,,
"h16_4","H16 ¿Usted siguió las recomendaciones recibidas por la asistencia técnica sobre ","factor","(1) Sí, (2) No",2,331,93.7677053824363,,,,,,,,
"h16_5","H16 ¿Usted siguió las recomendaciones recibidas por la asistencia técnica sobre ","factor","(1) Sí, (2) No",2,336,95.1841359773371,,,,,,,,
"h16_6","H16 ¿Usted siguió las recomendaciones recibidas por la asistencia técnica sobre ","factor","(1) Sí, (2) No",2,338,95.7507082152975,,,,,,,,
"h16_7","H16 ¿Usted siguió las recomendaciones recibidas por la asistencia técnica sobre ","factor","(1) Sí, (2) No",2,353,100,,,,,,,,
"h16_8","H16 ¿Usted siguió las recomendaciones recibidas por la asistencia técnica sobre ","factor","(1) Sí, (2) No",2,352,99.7167138810198,,,,,,,,
"h16_9","H16 ¿Usted siguió las recomendaciones recibidas por la asistencia técnica sobre ","factor","(1) Sí, (2) No",2,313,88.6685552407932,,,,,,,,
"h16_10","H16 ¿Usted siguió las recomendaciones recibidas por la asistencia técnica sobre ","factor","(1) Sí, (2) No",2,299,84.7025495750708,,,,,,,,
"h16_11","H16 ¿Usted siguió las recomendaciones recibidas por la asistencia técnica sobre ","factor","(1) Sí, (2) No",2,325,92.0679886685552,,,,,,,,
"h16_12","H16 ¿Usted siguió las recomendaciones recibidas por la asistencia técnica sobre ","factor","(1) Sí, (2) No",2,341,96.600566572238,,,,,,,,
"h16_13","H16 ¿Usted siguió las recomendaciones recibidas por la asistencia técnica sobre ","factor","(1) Sí, (2) No",2,349,98.8668555240793,,,,,,,,
"h16_14","H16 ¿Usted siguió las recomendaciones recibidas por la asistencia técnica sobre ","factor","(1) Sí, (2) No",2,338,95.7507082152975,,,,,,,,
"j1","J1 ¿Usted considera que el clima es importante en el desarrollo de su cultivo?","factor","(1) Sí, (2) No",2,0,0,,,,,,,,
"j2","J2 ¿Ha escuchado sobre pronósticos agroclimáticos?","factor","(1) Sí, (2) No",2,0,0,,,,,,,,
"j3","J3 ¿Dónde se ha enterado sobre pronósticos agroclimáticos?","character",,,0,0,,,,,,,,
"j3_A","J3 ¿Dónde se ha enterado sobre pronósticos agroclimáticos?: Búsqueda en Internet (cuenta propia)","factor","(1) Sí, (2) No",2,0,0,,,,,,,,
"j3_B","J3 ¿Dónde se ha enterado sobre pronósticos agroclimáticos?: Grupos de WhatsApp","factor","(1) Sí, (2) No",2,0,0,,,,,,,,
"j3_C","J3 ¿Dónde se ha enterado sobre pronósticos agroclimáticos?: Redes sociales","factor","(1) Sí, (2) No",2,0,0,,,,,,,,
"j3_D","J3 ¿Dónde se ha enterado sobre pronósticos agroclimáticos?: Vecino/amigo agricultor","factor","(1) Sí, (2) No",2,0,0,,,,,,,,
"j3_E","J3 ¿Dónde se ha enterado sobre pronósticos agroclimáticos?: Técnicos extensionistas","factor","(1) Sí, (2) No",2,0,0,,,,,,,,
"j3_F","J3 ¿Dónde se ha enterado sobre pronósticos agroclimáticos?: Cooperativas/grupos de productores","factor","(1) Sí, (2) No",2,0,0,,,,,,,,
"j3_G","J3 ¿Dónde se ha enterado sobre pronósticos agroclimáticos?: Revistas/boletines","factor","(1) Sí, (2) No",2,0,0,,,,,,,,
"j3_H","J3 ¿Dónde se ha enterado sobre pronósticos agroclimáticos?: Mesas técnicas agroclimáticas","factor","(1) Sí, (2) No",2,0,0,,,,,,,,
"j3_7","J3 ¿Dónde se ha enterado sobre pronósticos agroclimáticos?: NS/NR","factor","(1) Sí, (2) No",2,0,0,,,,,,,,
"j3_I","J3 ¿Dónde se ha enterado sobre pronósticos agroclimáticos?: Otro, especifique","factor","(1) Sí, (2) No",2,0,0,,,,,,,,
"j3a","J3 Otra forma de enterarse de pronosticos agroclimaticos","character",,,0,0,,,,,,,,
"j4","J4 ¿Ha consultado o buscado información los pronósticos agroclimáticos de la zon","factor","(1) Sí, (2) No",2,124,35.1274787535411,,,,,,,,
"j5","J5 ¿Dónde ha consultado o buscado información sobre esos pronósticos agroclimáti","character",,,0,0,,,,,,,,
"j5_A","J5 ¿Dónde ha consultado sobre esos pronósticos? Página web de Fedearroz","factor","(1) Sí, (2) No",2,0,0,,,,,,,,
"j5_B","J5 ¿Dónde ha consultado sobre esos pronósticos? Grupos de WhatsApp","factor","(1) Sí, (2) No",2,0,0,,,,,,,,
"j5_C","J5 ¿Dónde ha consultado sobre esos pronósticos? Redes sociales","factor","(1) Sí, (2) No",2,0,0,,,,,,,,
"j5_D","J5 ¿Dónde ha consultado sobre esos pronósticos? Radio","factor","(1) Sí, (2) No",2,0,0,,,,,,,,
"j5_E","J5 ¿Dónde ha consultado sobre esos pronósticos? Televisión","factor","(1) Sí, (2) No",2,0,0,,,,,,,,
"j5_F","J5 ¿Dónde ha consultado sobre esos pronósticos? Técnicos extensionistas","factor","(1) Sí, (2) No",2,0,0,,,,,,,,
"j5_G","J5 ¿Dónde ha consultado sobre esos pronósticos? Página IDEAM","factor","(1) Sí, (2) No",2,0,0,,,,,,,,
"j5_H","J5 ¿Dónde ha consultado sobre esos pronósticos? Aplicativos de celular","factor","(1) Sí, (2) No",2,0,0,,,,,,,,
"j5_7","J5 ¿Dónde ha consultado sobre esos pronósticos? NS/NR","factor","(1) Sí, (2) No",2,0,0,,,,,,,,
"j5_I","J5 ¿Dónde ha consultado sobre esos pronósticos? Otro, especifique","factor","(1) Sí, (2) No",2,0,0,,,,,,,,
"j5a","J5 Otro lugar donde ha consultado","character",,,0,0,,,,,,,,
"j6","J6 Usted tiene en cuenta los pronósticos agroclimáticos y/o información meteorol","character",,,0,0,,,,,,,,
"j6_A","J6 toma decisiones en cuanto a: Preparación y adecuación del suelo (antes de fecha de siembra)","factor","(1) Sí, (2) No",2,0,0,,,,,,,,
"j6_B","J6 toma decisiones en cuanto a: Fecha de siembra","factor","(1) Sí, (2) No",2,0,0,,,,,,,,
"j6_C","J6 toma decisiones en cuanto a: Elección de variedades","factor","(1) Sí, (2) No",2,0,0,,,,,,,,
"j6_D","J6 toma decisiones en cuanto a: Aplicación de fertilizantes y/o abonos","factor","(1) Sí, (2) No",2,0,0,,,,,,,,
"j6_E","J6 toma decisiones en cuanto a: Ajuste nutricional (después de la aplicación de fertilizantes)","factor","(1) Sí, (2) No",2,0,0,,,,,,,,
"j6_F","J6 toma decisiones en cuanto a: Control de maleza","factor","(1) Sí, (2) No",2,0,0,,,,,,,,
"j6_G","J6 toma decisiones en cuanto a: Control de plagas y/o enfermedades","factor","(1) Sí, (2) No",2,0,0,,,,,,,,
"j6_H","J6 toma decisiones en cuanto a: Necesidades de riego","factor","(1) Sí, (2) No",2,0,0,,,,,,,,
"j7","J7 ¿Ha asistido alguna vez a alguna Mesa Técnica Agroclimática (MTA)?","factor","(1) Sí, (2) No",2,0,0,,,,,,,,
"j8","J8 ¿Cuántas veces ha asistido?","numeric",,,296,83.8526912181303,1,1990,38.859649122807,2,263.14956628425,3,,
"j9","J9 ¿En qué año asistió por primera vez?","numeric",,,296,83.8526912181303,1990,2024,2019.45614035088,2022,5.77578125648877,5,,
"j10","J10. ¿ Está usted familiarizado con el término ""cambio climático""? ","factor","(1) Sí, (2) No",2,0,0,,,,,,,,
"j11","J11.  ¿Podría explicar brevemente qué entiende por cambio climático?","character",,,0,0,,,,,,,,
"j12","J12 ¿En qué medida confía usted en las instituciones de investigación (CIAT, Agr","factor","(1) En gran medida, (2) Algo, (3) Muy poco, (4) Nada",4,0,0,,,,,,,,
"j13","J13 ¿En qué medida confía usted en las organizaciones agrícolas gubernamentales ","factor","(1) En gran medida, (2) Algo, (3) Muy poco, (4) Nada",4,0,0,,,,,,,,
"j14","J14 ¿Hasta qué punto confía en las organizaciones agrícolas (Fedearroz, distrito","factor","(1) En gran medida, (2) Algo, (3) Muy poco, (4) Nada",4,0,0,,,,,,,,
"k1","K1 En los últimos 3 años, ¿Ha hecho parte de algún proyecto o programa del gobie","factor","(1) Sí, (2) No",2,0,0,,,,,,,,
"k1_1","K1.1 ¿Cuál o cuáles proyectos o programas?","character",,,0,0,,,,,,,,
"k2","K2 ¿En el último año, el hogar recibió otros ingresos como salarios, renta, pens","factor","(1) Sí, (2) No, (3) NS/NR",3,0,0,,,,,,,,
"k2_1","K2.1 ¿Qué tipo de ingreso es? ","character",,,0,0,,,,,,,,
"k2_1_A","K2.1 ¿Qué tipo de ingreso es: Salario","factor","(1) Sí, (2) No",2,0,0,,,,,,,,
"k2_1_B","K2.1 ¿Qué tipo de ingreso es: Renta","factor","(1) Sí, (2) No",2,0,0,,,,,,,,
"k2_1_C","K2.1 ¿Qué tipo de ingreso es: Pensión","factor","(1) Sí, (2) No",2,0,0,,,,,,,,
"k2_1_D","K2.1 ¿Qué tipo de ingreso es: Subsidios/bono del gobierno","factor","(1) Sí, (2) No",2,0,0,,,,,,,,
"k2_1_E","K2.1 ¿Qué tipo de ingreso es: Remesas de familiares","factor","(1) Sí, (2) No",2,0,0,,,,,,,,
"k2_1_F","K2.1 ¿Qué tipo de ingreso es: Venta de activos","factor","(1) Sí, (2) No",2,0,0,,,,,,,,
"k2_1_7","K2.1 ¿Qué tipo de ingreso es: NS/NR","factor","(1) Sí, (2) No",2,0,0,,,,,,,,
"k2_1_G","K2.1 ¿Qué tipo de ingreso es: Otro, especifique","factor","(1) Sí, (2) No",2,0,0,,,,,,,,
"k3_1","K3 ¿Durante el año pasado (2023), cuántas veces recibió este ingreso por [INGRES","numeric",,,350,99.1501416430595,4,12,9.33333333333333,12,4.61880215351701,4,,
"k3_2","K3 ¿Durante el año pasado (2023), cuántas veces recibió este ingreso por [INGRES","numeric",,,351,99.4334277620397,0.79,12,6.395,6.395,7.9266670171012,5.605,,
"k3_3","K3 ¿Durante el año pasado (2023), cuántas veces recibió este ingreso por [INGRES","numeric",,,351,99.4334277620397,11,12,11.5,11.5,0.707106781186548,0.5,,
"k3_4","K3 ¿Durante el año pasado (2023), cuántas veces recibió este ingreso por [INGRES","numeric",,,348,98.5835694050991,1,12,8.2,10,4.7116875957559,6,,
"k3_5","K3 ¿Durante el año pasado (2023), cuántas veces recibió este ingreso por [INGRES","numeric",,,350,99.1501416430595,1,5,2.33333333333333,1,2.3094010767585,2,,
"k3_6","K3 ¿Durante el año pasado (2023), cuántas veces recibió este ingreso por [INGRES","numeric",,,351,99.4334277620397,1,1,1,1,0,0,,
"k3_7","K3 ¿Durante el año pasado (2023), cuántas veces recibió este ingreso por [INGRES","numeric",,,349,98.8668555240793,0,12,4,2,5.47722557505166,4.5,,
"k4","K4 ¿Cuánto fue el total del ingreso en este periodo?","numeric",,,328,92.9178470254957,0.79,30000000,3656803.9916,1200000,7016204.50037287,1720000,,
"k5","K5 ¿Durante el año pasado (2023), tuvo animales?","character",,,0,0,,,,,,,,
"k5_A","K5 Qué animales tuvo: Ganado bovino","factor","(1) Sí, (2) No",2,0,0,,,,,,,,
"k5_B","K5 Qué animales tuvo: Porcinos","factor","(1) Sí, (2) No",2,0,0,,,,,,,,
"k5_C","K5 Qué animales tuvo: Aves de corral","factor","(1) Sí, (2) No",2,0,0,,,,,,,,
"k5_D","K5 Qué animales tuvo: Patos o gansos","factor","(1) Sí, (2) No",2,0,0,,,,,,,,
"k5_E","K5 Qué animales tuvo: Peces","factor","(1) Sí, (2) No",2,0,0,,,,,,,,
"k5_F","K5 Qué animales tuvo: Ovinos","factor","(1) Sí, (2) No",2,0,0,,,,,,,,
"k5_0","K5 Qué animales tuvo: Ninguno","factor","(1) Sí, (2) No",2,0,0,,,,,,,,
"k5_7","K5 Qué animales tuvo: NS/NR","factor","(1) Sí, (2) No",2,0,0,,,,,,,,
"k5_H","K5 Qué animales tuvo: Otro, especifique","factor","(1) Sí, (2) No",2,0,0,,,,,,,,
"k5a","K5 Otro animal que tuvo","character",,,0,0,,,,,,,,
"k6","K6 ¿Durante el año pasado (2023), vendió alguno de estos animales o subproductos","factor","(1) Sí, (2) No, (3) NS/NR",3,247,69.971671388102,,,,,,,,
"k7","K7 ¿Cuánto fue el total del ingreso en este periodo por ventas de animales? (inc","numeric",,,325,92.0679886685552,100000,900000000,40388571.4285714,1100000,169301239.493927,6030000,,
"l1","L1 Durante el año pasado (2023), usted o alguién del hogar (del productor) solic","factor","(1) Sí, (2) No, (3) No sabe",3,12,3.39943342776204,,,,,,,,
"l2","L2 Si no ha solicitado crédito, ¿por qué no lo ha hecho?","factor","(1) No ha tenido necesidad, (2) los intereses son altos, (3) Falta de información, (4) No tiene acceso a crédito, (5) NS/NR, (6) Otro, especifique",6,225,63.7393767705383,,,,,,,,
"l2a","L2 Otra razón para no solicitar crédito","character",,,225,63.7393767705383,,,,,,,,
"l3","L3 ¿Qué dificultad percibe o ha tenido para conseguir un crédito/préstamo?","factor","(1) Falta de garantías, (2) Falta de información, (3) Muchos trámites, (4) No sabe porque no lo ha solicitado, (5) Ninguna, (6) NS/NR, (7) Otro, especifique",7,225,63.7393767705383,,,,,,,,
"l4","L4 ¿Cuales fueron las fuentes de los créditos o financiaciones aprobados? ","character",,,151,42.7762039660057,,,,,,,,
"l4_A","l4 Fuentes de créditos: Banco Agrario","factor","(1) Sí, (2) No",2,151,42.7762039660057,,,,,,,,
"l4_B","l4 Fuentes de créditos: Otros bancos","factor","(1) Sí, (2) No",2,151,42.7762039660057,,,,,,,,
"l4_C","l4 Fuentes de créditos: Cooperativa","factor","(1) Sí, (2) No",2,151,42.7762039660057,,,,,,,,
"l4_D","l4 Fuentes de créditos: Particulares o prestamistas","factor","(1) Sí, (2) No",2,151,42.7762039660057,,,,,,,,
"l4_E","l4 Fuentes de créditos: Organizaciones no gubernamentales (ONG's)","factor","(1) Sí, (2) No",2,151,42.7762039660057,,,,,,,,
"l4_F","l4 Fuentes de créditos: Programas de gobierno","factor","(1) Sí, (2) No",2,151,42.7762039660057,,,,,,,,
"l4_G","l4 Fuentes de créditos: Cooperación internacional (ONU, embajadas)","factor","(1) Sí, (2) No",2,151,42.7762039660057,,,,,,,,
"l4_H","l4 Fuentes de créditos: Almacenes de agroinsumos agrícolas y agroindustria","factor","(1) Sí, (2) No",2,151,42.7762039660057,,,,,,,,
"l4_I","l4 Fuentes de créditos: Molino","factor","(1) Sí, (2) No",2,151,42.7762039660057,,,,,,,,
"l4_7","l4 Fuentes de créditos: NS/NR","factor","(1) Sí, (2) No",2,151,42.7762039660057,,,,,,,,
"l4_J","l4 Fuentes de créditos: Otro, especifique","factor","(1) Sí, (2) No",2,151,42.7762039660057,,,,,,,,
"l4a","L4 Otra entidad a la que le solicitó el prestamo","character",,,350,99.1501416430595,,,,,,,,
"l5","L5 ¿Le aprobaron el préstamo?","factor","(1) Sí, (2) No",2,151,42.7762039660057,,,,,,,,
"l6","L6 ¿Qué porcentaje del crédito lo usó para el cultivo de arroz?","numeric",,,162,45.8923512747875,0,100,93.7696335078534,100,17.7238857380217,0,,
"l7","L7 ¿En el año 2023, utilizó seguro de cosecha para el cultivo de arroz?","factor","(1) Sí, (2) No",2,13,3.68271954674221,,,,,,,,
"l7_1","L7.1 ¿Por qué no utilizó el seguro de cosecha?","factor","(1) Muy costoso, (2) Desconocimiento de las condiciones, (3) Bajo cubrimiento, (4) Desconocimiento del trámite, (5) Desconocimiento de los beneficios, (6) No le interesa, (7) NS/NR, (8) Otro, especifique",8,40,11.3314447592068,,,,,,,,
"l7_1a","L7.1 Otra razón para no asegurar la cosecha","character",,,40,11.3314447592068,,,,,,,,
"l8","L8¿Tiene actualmente usted, una cuenta en un banco u otra institución formal? ","factor","(1) Sí, (2) No, (3) NS/NR",3,15,4.24929178470255,,,,,,,,
"m1","M1 ¿Durante el año pasado (2023), alguna persona del hogar se ha visto en situac","factor","(1) Sí, (2) No, (3) NS/NR",3,12,3.39943342776204,,,,,,,,
"m2","M2 ¿Durante el año pasado (2023) alguna persona del hogar ha migrado hacia las c","factor","(1) Sí, (2) No, (3) NS/NR",3,12,3.39943342776204,,,,,,,,
"m3","M3 Razones de migración","factor","(1) Trabajo, (2) Estudio, (3) Preferencia personal, (4) Violencia, (5) NS/NR, (6) Otro, especifique",6,320,90.6515580736544,,,,,,,,
"m3a","M3 Otra razón de la migración","labelled",,,353,100,,,,,,,,
"m4","M4 En los últimos 12 meses ¿hubo algún mes en que no alcanzaron los alimentos pa","factor","(1) Sí, (2) No",2,12,3.39943342776204,,,,,,,,
"m5","M5 ¿En qué meses (todos los que aplican) no alcanzaron los alimentos? ","character",,,306,86.685552407932,,,,,,,,
"m5_A","M5 meses en los que no alcanzaron los alimentos: Enero","factor","(1) Sí, (2) No",2,306,86.685552407932,,,,,,,,
"m5_B","M5 meses en los que no alcanzaron los alimentos: Febrero","factor","(1) Sí, (2) No",2,306,86.685552407932,,,,,,,,
"m5_C","M5 meses en los que no alcanzaron los alimentos: Marzo","factor","(1) Sí, (2) No",2,306,86.685552407932,,,,,,,,
"m5_D","M5 meses en los que no alcanzaron los alimentos: Abril","factor","(1) Sí, (2) No",2,306,86.685552407932,,,,,,,,
"m5_E","M5 meses en los que no alcanzaron los alimentos: Mayo","factor","(1) Sí, (2) No",2,306,86.685552407932,,,,,,,,
"m5_F","M5 meses en los que no alcanzaron los alimentos: Junio","factor","(1) Sí, (2) No",2,306,86.685552407932,,,,,,,,
"m5_G","M5 meses en los que no alcanzaron los alimentos: Julio","factor","(1) Sí, (2) No",2,306,86.685552407932,,,,,,,,
"m5_H","M5 meses en los que no alcanzaron los alimentos: Agosto","factor","(1) Sí, (2) No",2,306,86.685552407932,,,,,,,,
"m5_I","M5 meses en los que no alcanzaron los alimentos: Septiembre","factor","(1) Sí, (2) No",2,306,86.685552407932,,,,,,,,
"m5_J","M5 meses en los que no alcanzaron los alimentos: Octubre","factor","(1) Sí, (2) No",2,306,86.685552407932,,,,,,,,
"m5_K","M5 meses en los que no alcanzaron los alimentos: Noviembre","factor","(1) Sí, (2) No",2,306,86.685552407932,,,,,,,,
"m5_L","M5 meses en los que no alcanzaron los alimentos: Diciembre","factor","(1) Sí, (2) No",2,306,86.685552407932,,,,,,,,
"m5_0","M5 meses en los que no alcanzaron los alimentos: No se acuerda","factor","(1) Sí, (2) No",2,306,86.685552407932,,,,,,,,
"m6","M6 ¿Usted u otra persona en su hogar se haya preocupado por no tener suficientes","factor","(1) Sí, (2) No, (3) NS/NR",3,306,86.685552407932,,,,,,,,
"m7","M7 Pensando aún en los últimos 12 meses, ¿hubo alguna vez en que usted u otra pe","factor","(1) Sí, (2) No, (3) NS/NR",3,306,86.685552407932,,,,,,,,
"m8","M8 ¿Hubo alguna vez en que usted u otra persona en su hogar haya comido poca var","factor","(1) Sí, (2) No, (3) NS/NR",3,306,86.685552407932,,,,,,,,
"m9","M9 ¿Hubo alguna vez en que usted u otra persona en su hogar haya tenido que deja","factor","(1) Sí, (2) No, (3) NS/NR",3,306,86.685552407932,,,,,,,,
"m10","M10 Pensando aún en los últimos 12 meses, ¿hubo alguna vez en que usted u otra p","factor","(1) Sí, (2) No, (3) NS/NR",3,306,86.685552407932,,,,,,,,
"m11","M11 ¿Hubo alguna vez en que su hogar se haya quedado sin alimentos por falta de ","factor","(1) Sí, (2) No, (3) NS/NR",3,306,86.685552407932,,,,,,,,
"m12","M12 ¿Hubo alguna vez en que usted u otra persona en su hogar haya sentido hambre","factor","(1) Sí, (2) No, (3) NS/NR",3,306,86.685552407932,,,,,,,,
"m13","M13 ¿Hubo alguna vez en que usted u otra persona en su hogar haya dejado de come","factor","(1) Sí, (2) No, (3) NS/NR",3,306,86.685552407932,,,,,,,,
"m15","M15 ¿En su hogar/casa, tiene Usted... (Selección múltiple)","character",,,0,0,,,,,,,,
"n1_a","N1a ¿Cuántas Bombas de agua tiene? ","numeric",,,0,0,0,7,0.339943342776204,0,0.72927189496157,0,,
"n1_b","N1b ¿Cuántos Reservorios tiene?","numeric",,,0,0,0,8,0.396600566572238,0,1.31908620302936,0,,
"n1_c","N1c ¿Cuántas Rastras tiene?","numeric",,,1,0.28328611898017,-79,8,0.355113636363636,0,4.44933837248438,0,,
"n1_d","N1d ¿Cuantos arados  tiene? ","numeric",,,1,0.28328611898017,-79,8,-0.0142045454545455,0,4.2757278840098,0,,
"n1_e","N1e ¿Cuántos Tractores tiene?","numeric",,,1,0.28328611898017,-79,15,0.318181818181818,0,4.46523884449174,0,,
"n1_f","N1f ¿Cuántas Bombas de mochila manual tiene?","numeric",,,1,0.28328611898017,-79,10,0.340909090909091,0,4.4134897166405,1,,
"n1_g","N1g ¿Cuántas Bombas de mochila motor tiene?","numeric",,,1,0.28328611898017,0,10,0.383522727272727,0,1.01726468584997,0,,
"n1_h","N1h ¿Cuántos niveladoras (landplane)? ","numeric",,,1,0.28328611898017,0,4,0.178977272727273,0,0.533024568256652,0,,
"n1_i","N1i ¿Cuántas Voleadoras tiene?","numeric",,,1,0.28328611898017,0,2,0.113636363636364,0,0.351855259733493,0,,
"n1_j","N1j ¿Cuántas Cosechadoras tiene?","numeric",,,0,0,0,3,0.164305949008499,0,0.539544881225422,0,,
"n1_k","N1k ¿Cuántas Rosadoras/Guadañas tiene?","numeric",,,1,0.28328611898017,-79,5,0.133522727272727,0,4.28830132987157,1,,
"n1_l","N1l ¿Cuántos Tanques de almacenamiento de agua tiene?","numeric",,,1,0.28328611898017,-79,11,0.127840909090909,0,4.37919425620654,0,,
"n1_m","N1m ¿Cuántas Compostera tiene?","numeric",,,1,0.28328611898017,0,2,0.0255681818181818,0,0.175166883095627,0,,
"n1_n","N1n ¿Cuántas Bicicletas tiene?","numeric",,,14,3.96600566572238,0,8,0.64306784660767,0,0.932343248623082,1,,
"n1_o","N1o ¿Cuántas motos tiene?","numeric",,,14,3.96600566572238,0,4,1.02064896755162,1,0.698382444748969,0,,
"n1_p","N1p ¿Cuántos carros o camionetas tiene?","numeric",,,14,3.96600566572238,0,3,0.321533923303835,0,0.559883764246747,1,,
"n1_q","N1q ¿Cuántos camiones tiene?","numeric",,,14,3.96600566572238,0,8,0.123893805309735,0,0.597817678606951,0,,
"n1_r","N1r ¿Cuántos paneles solares tiene?","numeric",,,14,3.96600566572238,0,1,0.00589970501474926,0,0.0766958295227642,0,,
"b1","B1. ¿Cuántas personas conforman este hogar? ","numeric",,,40,11.3314447592068,1,8,2.90415335463259,3,1.39725532310507,2,,
"b2_a","B2a. ¿Cuántas MUJERES menores de 15 años hay en el hogar? ","numeric",,,40,11.3314447592068,0,3,0.204472843450479,0,0.50925328070381,0,,
"b2_b","B2b. ¿Cuántos HOMBRES menores de 15 años hay en el hogar? ","numeric",,,40,11.3314447592068,0,2,0.217571884984026,0,0.490921930423886,0,,
"b3_a","B3a. ¿Cuántas MUJERES mayores de 75 años hay en el hogar? ","numeric",,,40,11.3314447592068,0,2,0.073482428115016,0,0.284818341528435,0,,
"b3_b","B3b. ¿Cuántos HOMBRES mayores de 75 años hay en el hogar? ","numeric",,,40,11.3314447592068,0,1,0.0830670926517572,0,0.276425533575235,0,,
"b1x","B1x ¿Conoce la composición del hogar del productor al que le administra el arroz","factor","(1) Sí, (2) No",2,348,98.5835694050991,,,,,,,,
"id_b4_1","ID persona","numeric",,,41,11.614730878187,1,1,1,1,0,0,,
"id_b4_2","ID persona","numeric",,,111,31.4447592067989,2,2,2,2,0,0,,
"id_b4_3","ID persona","numeric",,,245,69.4050991501417,3,3,3,3,0,0,,
"id_b4_4","ID persona","numeric",,,312,88.385269121813,4,4,4,4,0,0,,
"id_b4_5","ID persona","numeric",,,343,97.1671388101983,5,5,5,5,0,0,,
"id_b4_6","ID persona","numeric",,,350,99.1501416430595,6,6,6,6,0,0,,
"b5_1","B5 Edad","numeric",,,40,11.3314447592068,20,78,56.741214057508,59,11.9410998852726,14,,
"b5_2","B5 Edad","numeric",,,111,31.4447592067989,18,75,51.2603305785124,53,12.371933028481,17,,
"b5_3","B5 Edad","numeric",,,245,69.4050991501417,16,75,31.5092592592593,28,13.6282385298865,13.25,,
"b5_4","B5 Edad","numeric",,,312,88.385269121813,15,74,29.0731707317073,28,12.384244514508,13,,
"b5_5","B5 Edad","numeric",,,343,97.1671388101983,15,35,23.8,24.5,7.03641322771134,12,,
"b5_6","B5 Edad","numeric",,,350,99.1501416430595,17,36,26.3333333333333,26,9.50438495292217,9.5,,
"b6_1","B6 Género","factor","(1) Hombre, (2) Mujer, (3) Prefiere no contestar",3,40,11.3314447592068,,,,,,,,
"b6_2","B6 Género","factor","(1) Hombre, (2) Mujer, (3) Prefiere no contestar",3,111,31.4447592067989,,,,,,,,
"b6_3","B6 Género","factor","(1) Hombre, (2) Mujer, (3) Prefiere no contestar",3,245,69.4050991501417,,,,,,,,
"b6_4","B6 Género","factor","(1) Hombre, (2) Mujer, (3) Prefiere no contestar",3,312,88.385269121813,,,,,,,,
"b6_5","B6 Género","factor","(1) Hombre, (2) Mujer, (3) Prefiere no contestar",3,343,97.1671388101983,,,,,,,,
"b6_6","B6 Género","factor","(1) Hombre, (2) Mujer, (3) Prefiere no contestar",3,350,99.1501416430595,,,,,,,,
"b7_1","B7 De acuerdo con su cultura, pueblo y rasgos físicos, usted? es o se reconoce c","factor","(1) Indígena, (2) Mestizo, (3) Afrocolombiano, (4) Mulato, (5) Ninguno, (6) Otro",6,40,11.3314447592068,,,,,,,,
"b7_2","B7 De acuerdo con su cultura, pueblo y rasgos físicos, usted? es o se reconoce c","factor","(1) Indígena, (2) Mestizo, (3) Afrocolombiano, (4) Mulato, (5) Ninguno, (6) Otro",6,111,31.4447592067989,,,,,,,,
"b7_3","B7 De acuerdo con su cultura, pueblo y rasgos físicos, usted? es o se reconoce c","factor","(1) Indígena, (2) Mestizo, (3) Afrocolombiano, (4) Mulato, (5) Ninguno, (6) Otro",6,245,69.4050991501417,,,,,,,,
"b7_4","B7 De acuerdo con su cultura, pueblo y rasgos físicos, usted? es o se reconoce c","factor","(1) Indígena, (2) Mestizo, (3) Afrocolombiano, (4) Mulato, (5) Ninguno, (6) Otro",6,312,88.385269121813,,,,,,,,
"b7_5","B7 De acuerdo con su cultura, pueblo y rasgos físicos, usted? es o se reconoce c","factor","(1) Indígena, (2) Mestizo, (3) Afrocolombiano, (4) Mulato, (5) Ninguno, (6) Otro",6,343,97.1671388101983,,,,,,,,
"b7_6","B7 De acuerdo con su cultura, pueblo y rasgos físicos, usted? es o se reconoce c","factor","(1) Indígena, (2) Mestizo, (3) Afrocolombiano, (4) Mulato, (5) Ninguno, (6) Otro",6,350,99.1501416430595,,,,,,,,
"b7a_1","B7 Otra forma de autoreconocimiento","character",,,353,100,,,,,,,,
"b7a_2","B7 Otra forma de autoreconocimiento","character",,,353,100,,,,,,,,
"b7a_3","B7 Otra forma de autoreconocimiento","character",,,353,100,,,,,,,,
"b7a_4","B7 Otra forma de autoreconocimiento","character",,,353,100,,,,,,,,
"b7a_5","B7 Otra forma de autoreconocimiento","character",,,352,99.7167138810198,,,,,,,,
"b7a_6","B7 Otra forma de autoreconocimiento","character",,,353,100,,,,,,,,
"b9_1","B9 ¿Cuál es el parentesco con el jefe(a) del hogar?","factor","(1) Jefe(a) del hogar, (2) Pareja/cónyuge, (3) Hijo(a), (4) Padre/madre, (5) Hermano(a), (6) Pareja del hijo(a), (7) Otros parientes del jefe(a) del hogar, especifique, (8) Otros no parientes del jefe(a) del hogar, especifique, (9) NS/NR",9,40,11.3314447592068,,,,,,,,
"b9_2","B9 ¿Cuál es el parentesco con el jefe(a) del hogar?","factor","(1) Jefe(a) del hogar, (2) Pareja/cónyuge, (3) Hijo(a), (4) Padre/madre, (5) Hermano(a), (6) Pareja del hijo(a), (7) Otros parientes del jefe(a) del hogar, especifique, (8) Otros no parientes del jefe(a) del hogar, especifique, (9) NS/NR",9,111,31.4447592067989,,,,,,,,
"b9_3","B9 ¿Cuál es el parentesco con el jefe(a) del hogar?","factor","(1) Jefe(a) del hogar, (2) Pareja/cónyuge, (3) Hijo(a), (4) Padre/madre, (5) Hermano(a), (6) Pareja del hijo(a), (7) Otros parientes del jefe(a) del hogar, especifique, (8) Otros no parientes del jefe(a) del hogar, especifique, (9) NS/NR",9,246,69.6883852691218,,,,,,,,
"b9_4","B9 ¿Cuál es el parentesco con el jefe(a) del hogar?","factor","(1) Jefe(a) del hogar, (2) Pareja/cónyuge, (3) Hijo(a), (4) Padre/madre, (5) Hermano(a), (6) Pareja del hijo(a), (7) Otros parientes del jefe(a) del hogar, especifique, (8) Otros no parientes del jefe(a) del hogar, especifique, (9) NS/NR",9,312,88.385269121813,,,,,,,,
"b9_5","B9 ¿Cuál es el parentesco con el jefe(a) del hogar?","factor","(1) Jefe(a) del hogar, (2) Pareja/cónyuge, (3) Hijo(a), (4) Padre/madre, (5) Hermano(a), (6) Pareja del hijo(a), (7) Otros parientes del jefe(a) del hogar, especifique, (8) Otros no parientes del jefe(a) del hogar, especifique, (9) NS/NR",9,343,97.1671388101983,,,,,,,,
"b9_6","B9 ¿Cuál es el parentesco con el jefe(a) del hogar?","factor","(1) Jefe(a) del hogar, (2) Pareja/cónyuge, (3) Hijo(a), (4) Padre/madre, (5) Hermano(a), (6) Pareja del hijo(a), (7) Otros parientes del jefe(a) del hogar, especifique, (8) Otros no parientes del jefe(a) del hogar, especifique, (9) NS/NR",9,350,99.1501416430595,,,,,,,,
"b9a_1","B9 Otro parentesco ","numeric",,,353,100,Inf,-Inf,,,,,,
"b9a_2","B9 Otro parentesco ","numeric",,,353,100,Inf,-Inf,,,,,,
"b9a_3","B9 Otro parentesco ","numeric",,,353,100,Inf,-Inf,,,,,,
"b9a_4","B9 Otro parentesco ","numeric",,,353,100,Inf,-Inf,,,,,,
"b9a_5","B9 Otro parentesco ","numeric",,,353,100,Inf,-Inf,,,,,,
"b9a_6","B9 Otro parentesco ","numeric",,,353,100,Inf,-Inf,,,,,,
"b10_1","B10 Años de educación formal completados","numeric",,,42,11.8980169971671,0,64,8.21543408360129,6,5.73122908520438,6,,
"b10_2","B10 Años de educación formal completados","numeric",,,113,32.0113314447592,0,68,9.22083333333333,10.5,6.65255348884147,6,,
"b10_3","B10 Años de educación formal completados","numeric",,,246,69.6883852691218,0,20,11.6355140186916,11,4.02912164069991,4,,
"b10_4","B10 Años de educación formal completados","numeric",,,312,88.385269121813,4,20,11.6585365853659,11,3.3362385713372,2,,
"b10_5","B10 Años de educación formal completados","numeric",,,343,97.1671388101983,5,31,13.6,12,7.08989891794422,4.75,,
"b10_6","B10 Años de educación formal completados","numeric",,,350,99.1501416430595,5,9,7.33333333333333,8,2.08166599946613,2,,
"c1x","C1x ¿Cuántas personas toman decisiones sobre el lote principal de arroz?    ","numeric",,,0,0,1,5,1.21813031161473,1,0.511803756574108,0,,
"c1_a","C1a ¿Cuántos hombres?","numeric",,,0,0,0,3,1.02832861189802,1,0.4698788343607,0,,
"c1_b","C1b ¿Cuántas mujeres?","numeric",,,0,0,0,2,0.181303116147309,0,0.414223673405541,0,,
"c1","C1  Selección de lote para siembra","numeric",,,17,4.81586402266289,1,98,8.45535714285714,1,24.1180758593145,0,,
"c2","C2  Preparación de terreno","numeric",,,17,4.81586402266289,1,98,8.49404761904762,1,24.2885630044597,0,,
"c3","C3  Fecha de siembra","numeric",,,17,4.81586402266289,1,98,8.71726190476191,1,24.56876672021,0,,
"c4","C4  Manejo agronómico del cultivo (en general)","numeric",,,18,5.09915014164306,1,98,8.73134328358209,1,24.6042825793413,0,,
"c5","C5  Fecha de cosecha","numeric",,,17,4.81586402266289,1,98,8.42559523809524,1,23.9908029567646,0,,
"c6","C6  Adopción de nuevas prácticas y tecnología","numeric",,,17,4.81586402266289,1,98,8.86607142857143,1,24.5769563964761,0,,
"c7","C7 Alquiler y/o adquisición de nueva maquinaria","numeric",,,18,5.09915014164306,1,98,8.65373134328358,1,24.3562526760301,0,,
"c8","C8 Asistencia a capacitaciones","numeric",,,18,5.09915014164306,1,98,9.81791044776119,1,26.184735950899,0,,
"c9","C9  Solicitar asistencia técnica","numeric",,,18,5.09915014164306,1,98,9.88358208955224,1,26.4354631448196,0,,
"c10","C10  Comercialización y/o venta","numeric",,,18,5.09915014164306,1,98,8.2,1,23.739706247016,0,,
"c11","C11  Uso de ingresos por ventas de arroz","numeric",,,18,5.09915014164306,1,98,8.24477611940299,1,23.9346620819404,0,,
"c12","C12 Uso de otros ingresos del hogar","numeric",,,18,5.09915014164306,1,98,9.14029850746269,1,25.509327046743,0,,
"c13","C13  Tipo de alimentos que se consumen en el hogar","numeric",,,18,5.09915014164306,1,98,9.83283582089552,2,25.906478440104,1,,
"c14","C14 Educación de los niños","numeric",,,18,5.09915014164306,1,98,56.2119402985075,98,47.4898650466825,97,,
"c15","C15 Solicitud de financiamiento o crédito","numeric",,,18,5.09915014164306,1,98,12.7970149253731,1,29.990028133862,0,,
"consentimiento_csicap","""CONSENTIMIENTO CSICAP""","factor","(1) Autorizo, (2) Restrinjo",2,213,60.3399433427762,,,,,,,,
"foto_csicap",,"factor","(1) Tomar foto",1,353,100,,,,,,,,
"o1","O1. ¿Usted está de acuerdo con el consentimiento y da su autorización?      ","factor","(1) Sí, autorizo, (2) No, no autorizo",2,213,60.3399433427762,,,,,,,,
"o2","O2. ¿Usted está vinculado a algún gremio?                                       ","factor","(1) Si, (2) No, (3) NS/NR ",3,213,60.3399433427762,,,,,,,,
"o3","O3. ¿Usted hace parte del registro oficial de víctimas del conflicto armado?    ","factor","(1) Si, (2) No, (3) NS/NR ",3,214,60.6232294617564,,,,,,,,
"o4","O4. ¿usted hace parte de la lista Clinton?                                      ","factor","(1) Si, (2) No, (3) NS/NR ",3,214,60.6232294617564,,,,,,,,
"o5","O5 ¿Está usted involucrado en alguna actividad ilegal según el código penal colo","factor","(1) Si, (2) No, (3) NS/NR ",3,214,60.6232294617564,,,,,,,,
"id_bo4_1"," ""ID persona""","numeric",,,214,60.6232294617564,1,1,1,1,0,0,,
"id_bo4_2"," ""ID persona""","numeric",,,285,80.7365439093484,2,2,2,2,0,0,,
"id_bo4_3"," ""ID persona""","numeric",,,344,97.4504249291785,3,3,3,3,0,0,,
"id_bo4_4"," ""ID persona""","numeric",,,351,99.4334277620397,4,4,4,4,0,0,,
"bo5_1","B5 Edad","numeric",,,223,63.1728045325779,24,78,56.5384615384615,58,11.6812669524666,11.75,,
"bo5_2","B5 Edad","numeric",,,285,80.7365439093484,18,75,50.7058823529412,52.5,12.6833523789274,16.5,,
"bo5_3","B5 Edad","numeric",,,344,97.4504249291785,19,62,33.3333333333333,27,15.0665191733194,26,,
"bo5_4","B5 Edad","numeric",,,351,99.4334277620397,19,36,27.5,27.5,12.0208152801713,8.5,,
"bo6_1","B6 Género","factor","(1) Hombre, (2) Mujer, (3) Prefiere no contestar",3,223,63.1728045325779,,,,,,,,
"bo6_2","B6 Género","factor","(1) Hombre, (2) Mujer, (3) Prefiere no contestar",3,285,80.7365439093484,,,,,,,,
"bo6_3","B6 Género","factor","(1) Hombre, (2) Mujer, (3) Prefiere no contestar",3,344,97.4504249291785,,,,,,,,
"bo6_4","B6 Género","factor","(1) Hombre, (2) Mujer, (3) Prefiere no contestar",3,351,99.4334277620397,,,,,,,,
"bo7_1","B7 De acuerdo con su cultura, pueblo y rasgos físicos, usted? es o se reconoce c","factor","(1) Indígena, (2) Mestizo, (3) Afrocolombiano, (4) Mulato, (5) Ninguno, (6) Otro",6,223,63.1728045325779,,,,,,,,
"bo7_2","B7 De acuerdo con su cultura, pueblo y rasgos físicos, usted? es o se reconoce c","factor","(1) Indígena, (2) Mestizo, (3) Afrocolombiano, (4) Mulato, (5) Ninguno, (6) Otro",6,285,80.7365439093484,,,,,,,,
"bo7_3","B7 De acuerdo con su cultura, pueblo y rasgos físicos, usted? es o se reconoce c","factor","(1) Indígena, (2) Mestizo, (3) Afrocolombiano, (4) Mulato, (5) Ninguno, (6) Otro",6,344,97.4504249291785,,,,,,,,
"bo7_4","B7 De acuerdo con su cultura, pueblo y rasgos físicos, usted? es o se reconoce c","factor","(1) Indígena, (2) Mestizo, (3) Afrocolombiano, (4) Mulato, (5) Ninguno, (6) Otro",6,351,99.4334277620397,,,,,,,,
"bo7a_1","B7 Otra forma de autoreconocimiento","numeric",,,353,100,Inf,-Inf,,,,,,
"bo7a_2","B7 Otra forma de autoreconocimiento","numeric",,,353,100,Inf,-Inf,,,,,,
"bo7a_3","B7 Otra forma de autoreconocimiento","numeric",,,353,100,Inf,-Inf,,,,,,
"bo7a_4","B7 Otra forma de autoreconocimiento","numeric",,,353,100,Inf,-Inf,,,,,,
